year,departamento,variable,value
2015,Amazonas,generica,0
2015,Ancash,generica,0
2015,Apurimac,generica,0
2015,Arequipa,generica,0
2015,Ayacucho,generica,0
2015,Cajamarca,generica,0
2015,Cusco,generica,0
2015,Huancavelica,generica,0
2015,Huanuco,generica,0
2015,Ica,generica,0
2015,Junin,generica,0
2015,La Libertad,generica,0
2015,Lambayeque,generica,0
2015,Lima Provincias,generica,0
2015,Loreto,generica,0
2015,Madre de Dios,generica,0
2015,Moquegua,generica,0
2015,Pasco,generica,0
2015,Piura,generica,0
2015,Callao,generica,0
2015,Lima,generica,0
2015,Puno,generica,0
2015,San Martin,generica,0
2015,Tacna,generica,0
2015,Tumbes,generica,0
2015,Ucayali,generica,0
2016,Amazonas,generica,0
2016,Ancash,generica,0
2016,Apurimac,generica,0
2016,Arequipa,generica,0
2016,Ayacucho,generica,0
2016,Cajamarca,generica,0
2016,Cusco,generica,0
2016,Huancavelica,generica,0
2016,Huanuco,generica,0
2016,Ica,generica,0
2016,Junin,generica,0
2016,La Libertad,generica,0
2016,Lambayeque,generica,0
2016,Lima Provincias,generica,0
2016,Loreto,generica,0
2016,Madre de Dios,generica,0
2016,Moquegua,generica,0
2016,Pasco,generica,0
2016,Piura,generica,0
2016,Callao,generica,0
2016,Lima,generica,0
2016,Puno,generica,0
2016,San Martin,generica,0
2016,Tacna,generica,0
2016,Tumbes,generica,0
2016,Ucayali,generica,0
2017,Amazonas,generica,0
2017,Ancash,generica,0
2017,Apurimac,generica,0
2017,Arequipa,generica,0
2017,Ayacucho,generica,0
2017,Cajamarca,generica,0
2017,Cusco,generica,0
2017,Huancavelica,generica,0
2017,Huanuco,generica,0
2017,Ica,generica,0
2017,Junin,generica,0
2017,La Libertad,generica,0
2017,Lambayeque,generica,0
2017,Lima Provincias,generica,0
2017,Loreto,generica,0
2017,Moquegua,generica,0
2017,Pasco,generica,0
2017,Piura,generica,0
2017,Callao,generica,0
2017,Lima,generica,0
2017,Puno,generica,0
2017,San Martin,generica,0
2017,Tacna,generica,0
2017,Tumbes,generica,0
2017,Ucayali,generica,0
2015,Amazonas,delitos-contra-el-estado-y-la-defensa-nacional,3
2015,Ancash,delitos-contra-el-estado-y-la-defensa-nacional,0
2015,Apurimac,delitos-contra-el-estado-y-la-defensa-nacional,0
2015,Arequipa,delitos-contra-el-estado-y-la-defensa-nacional,1
2015,Ayacucho,delitos-contra-el-estado-y-la-defensa-nacional,2
2015,Cajamarca,delitos-contra-el-estado-y-la-defensa-nacional,0
2015,Cusco,delitos-contra-el-estado-y-la-defensa-nacional,3
2015,Huancavelica,delitos-contra-el-estado-y-la-defensa-nacional,0
2015,Huanuco,delitos-contra-el-estado-y-la-defensa-nacional,0
2015,Ica,delitos-contra-el-estado-y-la-defensa-nacional,0
2015,Junin,delitos-contra-el-estado-y-la-defensa-nacional,0
2015,La Libertad,delitos-contra-el-estado-y-la-defensa-nacional,0
2015,Lambayeque,delitos-contra-el-estado-y-la-defensa-nacional,0
2015,Lima Provincias,delitos-contra-el-estado-y-la-defensa-nacional,0
2015,Loreto,delitos-contra-el-estado-y-la-defensa-nacional,0
2015,Madre de Dios,delitos-contra-el-estado-y-la-defensa-nacional,0
2015,Moquegua,delitos-contra-el-estado-y-la-defensa-nacional,0
2015,Pasco,delitos-contra-el-estado-y-la-defensa-nacional,0
2015,Piura,delitos-contra-el-estado-y-la-defensa-nacional,1
2015,Callao,delitos-contra-el-estado-y-la-defensa-nacional,1
2015,Lima,delitos-contra-el-estado-y-la-defensa-nacional,0
2015,Puno,delitos-contra-el-estado-y-la-defensa-nacional,0
2015,San Martin,delitos-contra-el-estado-y-la-defensa-nacional,0
2015,Tacna,delitos-contra-el-estado-y-la-defensa-nacional,0
2015,Tumbes,delitos-contra-el-estado-y-la-defensa-nacional,0
2015,Ucayali,delitos-contra-el-estado-y-la-defensa-nacional,0
2016,Amazonas,delitos-contra-el-estado-y-la-defensa-nacional,1
2016,Ancash,delitos-contra-el-estado-y-la-defensa-nacional,0
2016,Apurimac,delitos-contra-el-estado-y-la-defensa-nacional,0
2016,Arequipa,delitos-contra-el-estado-y-la-defensa-nacional,1
2016,Ayacucho,delitos-contra-el-estado-y-la-defensa-nacional,0
2016,Cajamarca,delitos-contra-el-estado-y-la-defensa-nacional,0
2016,Cusco,delitos-contra-el-estado-y-la-defensa-nacional,1
2016,Huancavelica,delitos-contra-el-estado-y-la-defensa-nacional,0
2016,Huanuco,delitos-contra-el-estado-y-la-defensa-nacional,0
2016,Ica,delitos-contra-el-estado-y-la-defensa-nacional,0
2016,Junin,delitos-contra-el-estado-y-la-defensa-nacional,0
2016,La Libertad,delitos-contra-el-estado-y-la-defensa-nacional,0
2016,Lambayeque,delitos-contra-el-estado-y-la-defensa-nacional,0
2016,Lima Provincias,delitos-contra-el-estado-y-la-defensa-nacional,1
2016,Loreto,delitos-contra-el-estado-y-la-defensa-nacional,5
2016,Madre de Dios,delitos-contra-el-estado-y-la-defensa-nacional,0
2016,Moquegua,delitos-contra-el-estado-y-la-defensa-nacional,0
2016,Pasco,delitos-contra-el-estado-y-la-defensa-nacional,0
2016,Piura,delitos-contra-el-estado-y-la-defensa-nacional,0
2016,Callao,delitos-contra-el-estado-y-la-defensa-nacional,0
2016,Lima,delitos-contra-el-estado-y-la-defensa-nacional,3
2016,Puno,delitos-contra-el-estado-y-la-defensa-nacional,0
2016,San Martin,delitos-contra-el-estado-y-la-defensa-nacional,9
2016,Tacna,delitos-contra-el-estado-y-la-defensa-nacional,1
2016,Tumbes,delitos-contra-el-estado-y-la-defensa-nacional,0
2016,Ucayali,delitos-contra-el-estado-y-la-defensa-nacional,0
2017,Amazonas,delitos-contra-el-estado-y-la-defensa-nacional,0
2017,Ancash,delitos-contra-el-estado-y-la-defensa-nacional,1
2017,Apurimac,delitos-contra-el-estado-y-la-defensa-nacional,0
2017,Arequipa,delitos-contra-el-estado-y-la-defensa-nacional,1
2017,Ayacucho,delitos-contra-el-estado-y-la-defensa-nacional,0
2017,Cajamarca,delitos-contra-el-estado-y-la-defensa-nacional,0
2017,Cusco,delitos-contra-el-estado-y-la-defensa-nacional,0
2017,Huancavelica,delitos-contra-el-estado-y-la-defensa-nacional,0
2017,Huanuco,delitos-contra-el-estado-y-la-defensa-nacional,0
2017,Ica,delitos-contra-el-estado-y-la-defensa-nacional,0
2017,Junin,delitos-contra-el-estado-y-la-defensa-nacional,0
2017,La Libertad,delitos-contra-el-estado-y-la-defensa-nacional,0
2017,Lambayeque,delitos-contra-el-estado-y-la-defensa-nacional,0
2017,Lima Provincias,delitos-contra-el-estado-y-la-defensa-nacional,0
2017,Loreto,delitos-contra-el-estado-y-la-defensa-nacional,0
2017,Moquegua,delitos-contra-el-estado-y-la-defensa-nacional,0
2017,Pasco,delitos-contra-el-estado-y-la-defensa-nacional,0
2017,Piura,delitos-contra-el-estado-y-la-defensa-nacional,0
2017,Callao,delitos-contra-el-estado-y-la-defensa-nacional,0
2017,Lima,delitos-contra-el-estado-y-la-defensa-nacional,0
2017,Puno,delitos-contra-el-estado-y-la-defensa-nacional,0
2017,San Martin,delitos-contra-el-estado-y-la-defensa-nacional,0
2017,Tacna,delitos-contra-el-estado-y-la-defensa-nacional,0
2017,Tumbes,delitos-contra-el-estado-y-la-defensa-nacional,0
2017,Ucayali,delitos-contra-el-estado-y-la-defensa-nacional,0
2015,Amazonas,delitos-contra-el-honor,10
2015,Ancash,delitos-contra-el-honor,8
2015,Apurimac,delitos-contra-el-honor,2
2015,Arequipa,delitos-contra-el-honor,11
2015,Ayacucho,delitos-contra-el-honor,2
2015,Cajamarca,delitos-contra-el-honor,1
2015,Cusco,delitos-contra-el-honor,4
2015,Huancavelica,delitos-contra-el-honor,1
2015,Huanuco,delitos-contra-el-honor,1
2015,Ica,delitos-contra-el-honor,3
2015,Junin,delitos-contra-el-honor,0
2015,La Libertad,delitos-contra-el-honor,2
2015,Lambayeque,delitos-contra-el-honor,9
2015,Lima Provincias,delitos-contra-el-honor,3
2015,Loreto,delitos-contra-el-honor,0
2015,Madre de Dios,delitos-contra-el-honor,0
2015,Moquegua,delitos-contra-el-honor,0
2015,Pasco,delitos-contra-el-honor,5
2015,Piura,delitos-contra-el-honor,14
2015,Callao,delitos-contra-el-honor,3
2015,Lima,delitos-contra-el-honor,11
2015,Puno,delitos-contra-el-honor,1
2015,San Martin,delitos-contra-el-honor,0
2015,Tacna,delitos-contra-el-honor,1
2015,Tumbes,delitos-contra-el-honor,2
2015,Ucayali,delitos-contra-el-honor,0
2016,Amazonas,delitos-contra-el-honor,8
2016,Ancash,delitos-contra-el-honor,2
2016,Apurimac,delitos-contra-el-honor,3
2016,Arequipa,delitos-contra-el-honor,14
2016,Ayacucho,delitos-contra-el-honor,2
2016,Cajamarca,delitos-contra-el-honor,8
2016,Cusco,delitos-contra-el-honor,12
2016,Huancavelica,delitos-contra-el-honor,0
2016,Huanuco,delitos-contra-el-honor,0
2016,Ica,delitos-contra-el-honor,3
2016,Junin,delitos-contra-el-honor,1
2016,La Libertad,delitos-contra-el-honor,14
2016,Lambayeque,delitos-contra-el-honor,27
2016,Lima Provincias,delitos-contra-el-honor,2
2016,Loreto,delitos-contra-el-honor,1
2016,Madre de Dios,delitos-contra-el-honor,2
2016,Moquegua,delitos-contra-el-honor,1
2016,Pasco,delitos-contra-el-honor,0
2016,Piura,delitos-contra-el-honor,10
2016,Callao,delitos-contra-el-honor,2
2016,Lima,delitos-contra-el-honor,28
2016,Puno,delitos-contra-el-honor,6
2016,San Martin,delitos-contra-el-honor,3
2016,Tacna,delitos-contra-el-honor,1
2016,Tumbes,delitos-contra-el-honor,5
2016,Ucayali,delitos-contra-el-honor,0
2017,Amazonas,delitos-contra-el-honor,5
2017,Ancash,delitos-contra-el-honor,0
2017,Apurimac,delitos-contra-el-honor,0
2017,Arequipa,delitos-contra-el-honor,7
2017,Ayacucho,delitos-contra-el-honor,0
2017,Cajamarca,delitos-contra-el-honor,3
2017,Cusco,delitos-contra-el-honor,3
2017,Huancavelica,delitos-contra-el-honor,0
2017,Huanuco,delitos-contra-el-honor,0
2017,Ica,delitos-contra-el-honor,0
2017,Junin,delitos-contra-el-honor,1
2017,La Libertad,delitos-contra-el-honor,3
2017,Lambayeque,delitos-contra-el-honor,21
2017,Lima Provincias,delitos-contra-el-honor,3
2017,Loreto,delitos-contra-el-honor,0
2017,Moquegua,delitos-contra-el-honor,0
2017,Pasco,delitos-contra-el-honor,0
2017,Piura,delitos-contra-el-honor,5
2017,Callao,delitos-contra-el-honor,0
2017,Lima,delitos-contra-el-honor,12
2017,Puno,delitos-contra-el-honor,4
2017,San Martin,delitos-contra-el-honor,0
2017,Tacna,delitos-contra-el-honor,0
2017,Tumbes,delitos-contra-el-honor,1
2017,Ucayali,delitos-contra-el-honor,0
2015,Amazonas,delitos-contra-el-orden-economico,1
2015,Ancash,delitos-contra-el-orden-economico,3
2015,Apurimac,delitos-contra-el-orden-economico,0
2015,Arequipa,delitos-contra-el-orden-economico,2
2015,Ayacucho,delitos-contra-el-orden-economico,1
2015,Cajamarca,delitos-contra-el-orden-economico,3
2015,Cusco,delitos-contra-el-orden-economico,4
2015,Huancavelica,delitos-contra-el-orden-economico,1
2015,Huanuco,delitos-contra-el-orden-economico,1
2015,Ica,delitos-contra-el-orden-economico,0
2015,Junin,delitos-contra-el-orden-economico,1
2015,La Libertad,delitos-contra-el-orden-economico,1
2015,Lambayeque,delitos-contra-el-orden-economico,2
2015,Lima Provincias,delitos-contra-el-orden-economico,3
2015,Loreto,delitos-contra-el-orden-economico,0
2015,Madre de Dios,delitos-contra-el-orden-economico,0
2015,Moquegua,delitos-contra-el-orden-economico,0
2015,Pasco,delitos-contra-el-orden-economico,0
2015,Piura,delitos-contra-el-orden-economico,1
2015,Callao,delitos-contra-el-orden-economico,0
2015,Lima,delitos-contra-el-orden-economico,4
2015,Puno,delitos-contra-el-orden-economico,5
2015,San Martin,delitos-contra-el-orden-economico,4
2015,Tacna,delitos-contra-el-orden-economico,0
2015,Tumbes,delitos-contra-el-orden-economico,0
2015,Ucayali,delitos-contra-el-orden-economico,0
2016,Amazonas,delitos-contra-el-orden-economico,0
2016,Ancash,delitos-contra-el-orden-economico,1
2016,Apurimac,delitos-contra-el-orden-economico,3
2016,Arequipa,delitos-contra-el-orden-economico,1
2016,Ayacucho,delitos-contra-el-orden-economico,1
2016,Cajamarca,delitos-contra-el-orden-economico,10
2016,Cusco,delitos-contra-el-orden-economico,4
2016,Huancavelica,delitos-contra-el-orden-economico,0
2016,Huanuco,delitos-contra-el-orden-economico,1
2016,Ica,delitos-contra-el-orden-economico,1
2016,Junin,delitos-contra-el-orden-economico,4
2016,La Libertad,delitos-contra-el-orden-economico,3
2016,Lambayeque,delitos-contra-el-orden-economico,8
2016,Lima Provincias,delitos-contra-el-orden-economico,0
2016,Loreto,delitos-contra-el-orden-economico,2
2016,Madre de Dios,delitos-contra-el-orden-economico,1
2016,Moquegua,delitos-contra-el-orden-economico,0
2016,Pasco,delitos-contra-el-orden-economico,0
2016,Piura,delitos-contra-el-orden-economico,2
2016,Callao,delitos-contra-el-orden-economico,4
2016,Lima,delitos-contra-el-orden-economico,8
2016,Puno,delitos-contra-el-orden-economico,2
2016,San Martin,delitos-contra-el-orden-economico,0
2016,Tacna,delitos-contra-el-orden-economico,2
2016,Tumbes,delitos-contra-el-orden-economico,0
2016,Ucayali,delitos-contra-el-orden-economico,0
2017,Amazonas,delitos-contra-el-orden-economico,0
2017,Ancash,delitos-contra-el-orden-economico,1
2017,Apurimac,delitos-contra-el-orden-economico,1
2017,Arequipa,delitos-contra-el-orden-economico,0
2017,Ayacucho,delitos-contra-el-orden-economico,0
2017,Cajamarca,delitos-contra-el-orden-economico,7
2017,Cusco,delitos-contra-el-orden-economico,0
2017,Huancavelica,delitos-contra-el-orden-economico,0
2017,Huanuco,delitos-contra-el-orden-economico,0
2017,Ica,delitos-contra-el-orden-economico,1
2017,Junin,delitos-contra-el-orden-economico,0
2017,La Libertad,delitos-contra-el-orden-economico,0
2017,Lambayeque,delitos-contra-el-orden-economico,0
2017,Lima Provincias,delitos-contra-el-orden-economico,0
2017,Loreto,delitos-contra-el-orden-economico,0
2017,Moquegua,delitos-contra-el-orden-economico,1
2017,Pasco,delitos-contra-el-orden-economico,0
2017,Piura,delitos-contra-el-orden-economico,0
2017,Callao,delitos-contra-el-orden-economico,1
2017,Lima,delitos-contra-el-orden-economico,0
2017,Puno,delitos-contra-el-orden-economico,0
2017,San Martin,delitos-contra-el-orden-economico,0
2017,Tacna,delitos-contra-el-orden-economico,0
2017,Tumbes,delitos-contra-el-orden-economico,0
2017,Ucayali,delitos-contra-el-orden-economico,0
2015,Amazonas,delitos-contra-el-orden-financiero-y-monetario,10
2015,Ancash,delitos-contra-el-orden-financiero-y-monetario,37
2015,Apurimac,delitos-contra-el-orden-financiero-y-monetario,10
2015,Arequipa,delitos-contra-el-orden-financiero-y-monetario,82
2015,Ayacucho,delitos-contra-el-orden-financiero-y-monetario,32
2015,Cajamarca,delitos-contra-el-orden-financiero-y-monetario,40
2015,Cusco,delitos-contra-el-orden-financiero-y-monetario,44
2015,Huancavelica,delitos-contra-el-orden-financiero-y-monetario,6
2015,Huanuco,delitos-contra-el-orden-financiero-y-monetario,11
2015,Ica,delitos-contra-el-orden-financiero-y-monetario,20
2015,Junin,delitos-contra-el-orden-financiero-y-monetario,23
2015,La Libertad,delitos-contra-el-orden-financiero-y-monetario,50
2015,Lambayeque,delitos-contra-el-orden-financiero-y-monetario,68
2015,Lima Provincias,delitos-contra-el-orden-financiero-y-monetario,26
2015,Loreto,delitos-contra-el-orden-financiero-y-monetario,9
2015,Madre de Dios,delitos-contra-el-orden-financiero-y-monetario,5
2015,Moquegua,delitos-contra-el-orden-financiero-y-monetario,15
2015,Pasco,delitos-contra-el-orden-financiero-y-monetario,6
2015,Piura,delitos-contra-el-orden-financiero-y-monetario,41
2015,Callao,delitos-contra-el-orden-financiero-y-monetario,10
2015,Lima,delitos-contra-el-orden-financiero-y-monetario,280
2015,Puno,delitos-contra-el-orden-financiero-y-monetario,11
2015,San Martin,delitos-contra-el-orden-financiero-y-monetario,42
2015,Tacna,delitos-contra-el-orden-financiero-y-monetario,21
2015,Tumbes,delitos-contra-el-orden-financiero-y-monetario,5
2015,Ucayali,delitos-contra-el-orden-financiero-y-monetario,10
2016,Amazonas,delitos-contra-el-orden-financiero-y-monetario,24
2016,Ancash,delitos-contra-el-orden-financiero-y-monetario,27
2016,Apurimac,delitos-contra-el-orden-financiero-y-monetario,0
2016,Arequipa,delitos-contra-el-orden-financiero-y-monetario,61
2016,Ayacucho,delitos-contra-el-orden-financiero-y-monetario,7
2016,Cajamarca,delitos-contra-el-orden-financiero-y-monetario,21
2016,Cusco,delitos-contra-el-orden-financiero-y-monetario,29
2016,Huancavelica,delitos-contra-el-orden-financiero-y-monetario,3
2016,Huanuco,delitos-contra-el-orden-financiero-y-monetario,4
2016,Ica,delitos-contra-el-orden-financiero-y-monetario,15
2016,Junin,delitos-contra-el-orden-financiero-y-monetario,21
2016,La Libertad,delitos-contra-el-orden-financiero-y-monetario,38
2016,Lambayeque,delitos-contra-el-orden-financiero-y-monetario,67
2016,Lima Provincias,delitos-contra-el-orden-financiero-y-monetario,14
2016,Loreto,delitos-contra-el-orden-financiero-y-monetario,23
2016,Madre de Dios,delitos-contra-el-orden-financiero-y-monetario,5
2016,Moquegua,delitos-contra-el-orden-financiero-y-monetario,11
2016,Pasco,delitos-contra-el-orden-financiero-y-monetario,2
2016,Piura,delitos-contra-el-orden-financiero-y-monetario,23
2016,Callao,delitos-contra-el-orden-financiero-y-monetario,13
2016,Lima,delitos-contra-el-orden-financiero-y-monetario,230
2016,Puno,delitos-contra-el-orden-financiero-y-monetario,8
2016,San Martin,delitos-contra-el-orden-financiero-y-monetario,8
2016,Tacna,delitos-contra-el-orden-financiero-y-monetario,21
2016,Tumbes,delitos-contra-el-orden-financiero-y-monetario,6
2016,Ucayali,delitos-contra-el-orden-financiero-y-monetario,6
2017,Amazonas,delitos-contra-el-orden-financiero-y-monetario,6
2017,Ancash,delitos-contra-el-orden-financiero-y-monetario,7
2017,Apurimac,delitos-contra-el-orden-financiero-y-monetario,7
2017,Arequipa,delitos-contra-el-orden-financiero-y-monetario,23
2017,Ayacucho,delitos-contra-el-orden-financiero-y-monetario,0
2017,Cajamarca,delitos-contra-el-orden-financiero-y-monetario,22
2017,Cusco,delitos-contra-el-orden-financiero-y-monetario,12
2017,Huancavelica,delitos-contra-el-orden-financiero-y-monetario,0
2017,Huanuco,delitos-contra-el-orden-financiero-y-monetario,4
2017,Ica,delitos-contra-el-orden-financiero-y-monetario,5
2017,Junin,delitos-contra-el-orden-financiero-y-monetario,2
2017,La Libertad,delitos-contra-el-orden-financiero-y-monetario,15
2017,Lambayeque,delitos-contra-el-orden-financiero-y-monetario,28
2017,Lima Provincias,delitos-contra-el-orden-financiero-y-monetario,8
2017,Loreto,delitos-contra-el-orden-financiero-y-monetario,6
2017,Moquegua,delitos-contra-el-orden-financiero-y-monetario,3
2017,Pasco,delitos-contra-el-orden-financiero-y-monetario,0
2017,Piura,delitos-contra-el-orden-financiero-y-monetario,10
2017,Callao,delitos-contra-el-orden-financiero-y-monetario,7
2017,Lima,delitos-contra-el-orden-financiero-y-monetario,64
2017,Puno,delitos-contra-el-orden-financiero-y-monetario,1
2017,San Martin,delitos-contra-el-orden-financiero-y-monetario,0
2017,Tacna,delitos-contra-el-orden-financiero-y-monetario,13
2017,Tumbes,delitos-contra-el-orden-financiero-y-monetario,1
2017,Ucayali,delitos-contra-el-orden-financiero-y-monetario,4
2015,Amazonas,delitos-contra-el-patrimonio,1426
2015,Ancash,delitos-contra-el-patrimonio,5715
2015,Apurimac,delitos-contra-el-patrimonio,833
2015,Arequipa,delitos-contra-el-patrimonio,11262
2015,Ayacucho,delitos-contra-el-patrimonio,1620
2015,Cajamarca,delitos-contra-el-patrimonio,2520
2015,Cusco,delitos-contra-el-patrimonio,4174
2015,Huancavelica,delitos-contra-el-patrimonio,572
2015,Huanuco,delitos-contra-el-patrimonio,1143
2015,Ica,delitos-contra-el-patrimonio,7609
2015,Junin,delitos-contra-el-patrimonio,3662
2015,La Libertad,delitos-contra-el-patrimonio,9970
2015,Lambayeque,delitos-contra-el-patrimonio,10120
2015,Lima Provincias,delitos-contra-el-patrimonio,6647
2015,Loreto,delitos-contra-el-patrimonio,1648
2015,Madre de Dios,delitos-contra-el-patrimonio,532
2015,Moquegua,delitos-contra-el-patrimonio,972
2015,Pasco,delitos-contra-el-patrimonio,506
2015,Piura,delitos-contra-el-patrimonio,11865
2015,Callao,delitos-contra-el-patrimonio,15409
2015,Lima,delitos-contra-el-patrimonio,133471
2015,Puno,delitos-contra-el-patrimonio,1414
2015,San Martin,delitos-contra-el-patrimonio,2919
2015,Tacna,delitos-contra-el-patrimonio,1519
2015,Tumbes,delitos-contra-el-patrimonio,2015
2015,Ucayali,delitos-contra-el-patrimonio,3154
2016,Amazonas,delitos-contra-el-patrimonio,2048
2016,Ancash,delitos-contra-el-patrimonio,5799
2016,Apurimac,delitos-contra-el-patrimonio,1033
2016,Arequipa,delitos-contra-el-patrimonio,12650
2016,Ayacucho,delitos-contra-el-patrimonio,1235
2016,Cajamarca,delitos-contra-el-patrimonio,3074
2016,Cusco,delitos-contra-el-patrimonio,5526
2016,Huancavelica,delitos-contra-el-patrimonio,626
2016,Huanuco,delitos-contra-el-patrimonio,1230
2016,Ica,delitos-contra-el-patrimonio,9269
2016,Junin,delitos-contra-el-patrimonio,4256
2016,La Libertad,delitos-contra-el-patrimonio,10768
2016,Lambayeque,delitos-contra-el-patrimonio,13751
2016,Lima Provincias,delitos-contra-el-patrimonio,7895
2016,Loreto,delitos-contra-el-patrimonio,2691
2016,Madre de Dios,delitos-contra-el-patrimonio,688
2016,Moquegua,delitos-contra-el-patrimonio,1011
2016,Pasco,delitos-contra-el-patrimonio,499
2016,Piura,delitos-contra-el-patrimonio,12333
2016,Callao,delitos-contra-el-patrimonio,10544
2016,Lima,delitos-contra-el-patrimonio,123575
2016,Puno,delitos-contra-el-patrimonio,2290
2016,San Martin,delitos-contra-el-patrimonio,2417
2016,Tacna,delitos-contra-el-patrimonio,1970
2016,Tumbes,delitos-contra-el-patrimonio,2059
2016,Ucayali,delitos-contra-el-patrimonio,3416
2017,Amazonas,delitos-contra-el-patrimonio,1268
2017,Ancash,delitos-contra-el-patrimonio,2896
2017,Apurimac,delitos-contra-el-patrimonio,236
2017,Arequipa,delitos-contra-el-patrimonio,6471
2017,Ayacucho,delitos-contra-el-patrimonio,13
2017,Cajamarca,delitos-contra-el-patrimonio,1532
2017,Cusco,delitos-contra-el-patrimonio,2682
2017,Huancavelica,delitos-contra-el-patrimonio,2
2017,Huanuco,delitos-contra-el-patrimonio,391
2017,Ica,delitos-contra-el-patrimonio,4146
2017,Junin,delitos-contra-el-patrimonio,2051
2017,La Libertad,delitos-contra-el-patrimonio,5411
2017,Lambayeque,delitos-contra-el-patrimonio,7339
2017,Lima Provincias,delitos-contra-el-patrimonio,3891
2017,Loreto,delitos-contra-el-patrimonio,775
2017,Moquegua,delitos-contra-el-patrimonio,474
2017,Pasco,delitos-contra-el-patrimonio,153
2017,Piura,delitos-contra-el-patrimonio,5312
2017,Callao,delitos-contra-el-patrimonio,5057
2017,Lima,delitos-contra-el-patrimonio,56358
2017,Puno,delitos-contra-el-patrimonio,515
2017,San Martin,delitos-contra-el-patrimonio,42
2017,Tacna,delitos-contra-el-patrimonio,1277
2017,Tumbes,delitos-contra-el-patrimonio,993
2017,Ucayali,delitos-contra-el-patrimonio,1229
2015,Amazonas,delitos-contra-el-patrimonio-cultural,3
2015,Ancash,delitos-contra-el-patrimonio-cultural,1
2015,Apurimac,delitos-contra-el-patrimonio-cultural,0
2015,Arequipa,delitos-contra-el-patrimonio-cultural,1
2015,Ayacucho,delitos-contra-el-patrimonio-cultural,2
2015,Cajamarca,delitos-contra-el-patrimonio-cultural,1
2015,Cusco,delitos-contra-el-patrimonio-cultural,48
2015,Huancavelica,delitos-contra-el-patrimonio-cultural,0
2015,Huanuco,delitos-contra-el-patrimonio-cultural,0
2015,Ica,delitos-contra-el-patrimonio-cultural,4
2015,Junin,delitos-contra-el-patrimonio-cultural,2
2015,La Libertad,delitos-contra-el-patrimonio-cultural,3
2015,Lambayeque,delitos-contra-el-patrimonio-cultural,13
2015,Lima Provincias,delitos-contra-el-patrimonio-cultural,4
2015,Loreto,delitos-contra-el-patrimonio-cultural,0
2015,Madre de Dios,delitos-contra-el-patrimonio-cultural,0
2015,Moquegua,delitos-contra-el-patrimonio-cultural,1
2015,Pasco,delitos-contra-el-patrimonio-cultural,0
2015,Piura,delitos-contra-el-patrimonio-cultural,1
2015,Callao,delitos-contra-el-patrimonio-cultural,1
2015,Lima,delitos-contra-el-patrimonio-cultural,5
2015,Puno,delitos-contra-el-patrimonio-cultural,1
2015,San Martin,delitos-contra-el-patrimonio-cultural,1
2015,Tacna,delitos-contra-el-patrimonio-cultural,0
2015,Tumbes,delitos-contra-el-patrimonio-cultural,1
2015,Ucayali,delitos-contra-el-patrimonio-cultural,0
2016,Amazonas,delitos-contra-el-patrimonio-cultural,0
2016,Ancash,delitos-contra-el-patrimonio-cultural,4
2016,Apurimac,delitos-contra-el-patrimonio-cultural,0
2016,Arequipa,delitos-contra-el-patrimonio-cultural,4
2016,Ayacucho,delitos-contra-el-patrimonio-cultural,1
2016,Cajamarca,delitos-contra-el-patrimonio-cultural,2
2016,Cusco,delitos-contra-el-patrimonio-cultural,37
2016,Huancavelica,delitos-contra-el-patrimonio-cultural,0
2016,Huanuco,delitos-contra-el-patrimonio-cultural,0
2016,Ica,delitos-contra-el-patrimonio-cultural,1
2016,Junin,delitos-contra-el-patrimonio-cultural,2
2016,La Libertad,delitos-contra-el-patrimonio-cultural,0
2016,Lambayeque,delitos-contra-el-patrimonio-cultural,6
2016,Lima Provincias,delitos-contra-el-patrimonio-cultural,2
2016,Loreto,delitos-contra-el-patrimonio-cultural,0
2016,Madre de Dios,delitos-contra-el-patrimonio-cultural,0
2016,Moquegua,delitos-contra-el-patrimonio-cultural,0
2016,Pasco,delitos-contra-el-patrimonio-cultural,0
2016,Piura,delitos-contra-el-patrimonio-cultural,1
2016,Callao,delitos-contra-el-patrimonio-cultural,0
2016,Lima,delitos-contra-el-patrimonio-cultural,2
2016,Puno,delitos-contra-el-patrimonio-cultural,0
2016,San Martin,delitos-contra-el-patrimonio-cultural,0
2016,Tacna,delitos-contra-el-patrimonio-cultural,2
2016,Tumbes,delitos-contra-el-patrimonio-cultural,0
2016,Ucayali,delitos-contra-el-patrimonio-cultural,0
2017,Amazonas,delitos-contra-el-patrimonio-cultural,1
2017,Ancash,delitos-contra-el-patrimonio-cultural,1
2017,Apurimac,delitos-contra-el-patrimonio-cultural,0
2017,Arequipa,delitos-contra-el-patrimonio-cultural,2
2017,Ayacucho,delitos-contra-el-patrimonio-cultural,0
2017,Cajamarca,delitos-contra-el-patrimonio-cultural,0
2017,Cusco,delitos-contra-el-patrimonio-cultural,23
2017,Huancavelica,delitos-contra-el-patrimonio-cultural,0
2017,Huanuco,delitos-contra-el-patrimonio-cultural,0
2017,Ica,delitos-contra-el-patrimonio-cultural,0
2017,Junin,delitos-contra-el-patrimonio-cultural,0
2017,La Libertad,delitos-contra-el-patrimonio-cultural,0
2017,Lambayeque,delitos-contra-el-patrimonio-cultural,2
2017,Lima Provincias,delitos-contra-el-patrimonio-cultural,1
2017,Loreto,delitos-contra-el-patrimonio-cultural,0
2017,Moquegua,delitos-contra-el-patrimonio-cultural,0
2017,Pasco,delitos-contra-el-patrimonio-cultural,0
2017,Piura,delitos-contra-el-patrimonio-cultural,1
2017,Callao,delitos-contra-el-patrimonio-cultural,0
2017,Lima,delitos-contra-el-patrimonio-cultural,1
2017,Puno,delitos-contra-el-patrimonio-cultural,0
2017,San Martin,delitos-contra-el-patrimonio-cultural,0
2017,Tacna,delitos-contra-el-patrimonio-cultural,0
2017,Tumbes,delitos-contra-el-patrimonio-cultural,0
2017,Ucayali,delitos-contra-el-patrimonio-cultural,0
2015,Amazonas,delitos-contra-la-administracion-publica,29
2015,Ancash,delitos-contra-la-administracion-publica,179
2015,Apurimac,delitos-contra-la-administracion-publica,28
2015,Arequipa,delitos-contra-la-administracion-publica,432
2015,Ayacucho,delitos-contra-la-administracion-publica,156
2015,Cajamarca,delitos-contra-la-administracion-publica,63
2015,Cusco,delitos-contra-la-administracion-publica,113
2015,Huancavelica,delitos-contra-la-administracion-publica,23
2015,Huanuco,delitos-contra-la-administracion-publica,77
2015,Ica,delitos-contra-la-administracion-publica,112
2015,Junin,delitos-contra-la-administracion-publica,127
2015,La Libertad,delitos-contra-la-administracion-publica,116
2015,Lambayeque,delitos-contra-la-administracion-publica,186
2015,Lima Provincias,delitos-contra-la-administracion-publica,294
2015,Loreto,delitos-contra-la-administracion-publica,39
2015,Madre de Dios,delitos-contra-la-administracion-publica,17
2015,Moquegua,delitos-contra-la-administracion-publica,30
2015,Pasco,delitos-contra-la-administracion-publica,20
2015,Piura,delitos-contra-la-administracion-publica,191
2015,Callao,delitos-contra-la-administracion-publica,197
2015,Lima,delitos-contra-la-administracion-publica,1171
2015,Puno,delitos-contra-la-administracion-publica,77
2015,San Martin,delitos-contra-la-administracion-publica,50
2015,Tacna,delitos-contra-la-administracion-publica,97
2015,Tumbes,delitos-contra-la-administracion-publica,94
2015,Ucayali,delitos-contra-la-administracion-publica,48
2016,Amazonas,delitos-contra-la-administracion-publica,29
2016,Ancash,delitos-contra-la-administracion-publica,161
2016,Apurimac,delitos-contra-la-administracion-publica,38
2016,Arequipa,delitos-contra-la-administracion-publica,640
2016,Ayacucho,delitos-contra-la-administracion-publica,55
2016,Cajamarca,delitos-contra-la-administracion-publica,87
2016,Cusco,delitos-contra-la-administracion-publica,110
2016,Huancavelica,delitos-contra-la-administracion-publica,27
2016,Huanuco,delitos-contra-la-administracion-publica,96
2016,Ica,delitos-contra-la-administracion-publica,98
2016,Junin,delitos-contra-la-administracion-publica,144
2016,La Libertad,delitos-contra-la-administracion-publica,164
2016,Lambayeque,delitos-contra-la-administracion-publica,239
2016,Lima Provincias,delitos-contra-la-administracion-publica,151
2016,Loreto,delitos-contra-la-administracion-publica,47
2016,Madre de Dios,delitos-contra-la-administracion-publica,23
2016,Moquegua,delitos-contra-la-administracion-publica,36
2016,Pasco,delitos-contra-la-administracion-publica,10
2016,Piura,delitos-contra-la-administracion-publica,231
2016,Callao,delitos-contra-la-administracion-publica,188
2016,Lima,delitos-contra-la-administracion-publica,992
2016,Puno,delitos-contra-la-administracion-publica,60
2016,San Martin,delitos-contra-la-administracion-publica,20
2016,Tacna,delitos-contra-la-administracion-publica,51
2016,Tumbes,delitos-contra-la-administracion-publica,108
2016,Ucayali,delitos-contra-la-administracion-publica,67
2017,Amazonas,delitos-contra-la-administracion-publica,29
2017,Ancash,delitos-contra-la-administracion-publica,73
2017,Apurimac,delitos-contra-la-administracion-publica,7
2017,Arequipa,delitos-contra-la-administracion-publica,309
2017,Ayacucho,delitos-contra-la-administracion-publica,0
2017,Cajamarca,delitos-contra-la-administracion-publica,61
2017,Cusco,delitos-contra-la-administracion-publica,64
2017,Huancavelica,delitos-contra-la-administracion-publica,0
2017,Huanuco,delitos-contra-la-administracion-publica,6
2017,Ica,delitos-contra-la-administracion-publica,56
2017,Junin,delitos-contra-la-administracion-publica,65
2017,La Libertad,delitos-contra-la-administracion-publica,91
2017,Lambayeque,delitos-contra-la-administracion-publica,97
2017,Lima Provincias,delitos-contra-la-administracion-publica,64
2017,Loreto,delitos-contra-la-administracion-publica,7
2017,Moquegua,delitos-contra-la-administracion-publica,17
2017,Pasco,delitos-contra-la-administracion-publica,2
2017,Piura,delitos-contra-la-administracion-publica,99
2017,Callao,delitos-contra-la-administracion-publica,109
2017,Lima,delitos-contra-la-administracion-publica,529
2017,Puno,delitos-contra-la-administracion-publica,14
2017,San Martin,delitos-contra-la-administracion-publica,0
2017,Tacna,delitos-contra-la-administracion-publica,28
2017,Tumbes,delitos-contra-la-administracion-publica,35
2017,Ucayali,delitos-contra-la-administracion-publica,15
2015,Amazonas,delitos-contra-la-confianza-y-la-buena-fe-en-los-negocios,1
2015,Ancash,delitos-contra-la-confianza-y-la-buena-fe-en-los-negocios,0
2015,Apurimac,delitos-contra-la-confianza-y-la-buena-fe-en-los-negocios,0
2015,Arequipa,delitos-contra-la-confianza-y-la-buena-fe-en-los-negocios,1
2015,Ayacucho,delitos-contra-la-confianza-y-la-buena-fe-en-los-negocios,2
2015,Cajamarca,delitos-contra-la-confianza-y-la-buena-fe-en-los-negocios,0
2015,Cusco,delitos-contra-la-confianza-y-la-buena-fe-en-los-negocios,2
2015,Huancavelica,delitos-contra-la-confianza-y-la-buena-fe-en-los-negocios,0
2015,Huanuco,delitos-contra-la-confianza-y-la-buena-fe-en-los-negocios,0
2015,Ica,delitos-contra-la-confianza-y-la-buena-fe-en-los-negocios,0
2015,Junin,delitos-contra-la-confianza-y-la-buena-fe-en-los-negocios,0
2015,La Libertad,delitos-contra-la-confianza-y-la-buena-fe-en-los-negocios,0
2015,Lambayeque,delitos-contra-la-confianza-y-la-buena-fe-en-los-negocios,2
2015,Lima Provincias,delitos-contra-la-confianza-y-la-buena-fe-en-los-negocios,0
2015,Loreto,delitos-contra-la-confianza-y-la-buena-fe-en-los-negocios,1
2015,Madre de Dios,delitos-contra-la-confianza-y-la-buena-fe-en-los-negocios,0
2015,Moquegua,delitos-contra-la-confianza-y-la-buena-fe-en-los-negocios,0
2015,Pasco,delitos-contra-la-confianza-y-la-buena-fe-en-los-negocios,0
2015,Piura,delitos-contra-la-confianza-y-la-buena-fe-en-los-negocios,0
2015,Callao,delitos-contra-la-confianza-y-la-buena-fe-en-los-negocios,2
2015,Lima,delitos-contra-la-confianza-y-la-buena-fe-en-los-negocios,29
2015,Puno,delitos-contra-la-confianza-y-la-buena-fe-en-los-negocios,2
2015,San Martin,delitos-contra-la-confianza-y-la-buena-fe-en-los-negocios,0
2015,Tacna,delitos-contra-la-confianza-y-la-buena-fe-en-los-negocios,0
2015,Tumbes,delitos-contra-la-confianza-y-la-buena-fe-en-los-negocios,0
2015,Ucayali,delitos-contra-la-confianza-y-la-buena-fe-en-los-negocios,0
2016,Amazonas,delitos-contra-la-confianza-y-la-buena-fe-en-los-negocios,0
2016,Ancash,delitos-contra-la-confianza-y-la-buena-fe-en-los-negocios,0
2016,Apurimac,delitos-contra-la-confianza-y-la-buena-fe-en-los-negocios,1
2016,Arequipa,delitos-contra-la-confianza-y-la-buena-fe-en-los-negocios,2
2016,Ayacucho,delitos-contra-la-confianza-y-la-buena-fe-en-los-negocios,1
2016,Cajamarca,delitos-contra-la-confianza-y-la-buena-fe-en-los-negocios,0
2016,Cusco,delitos-contra-la-confianza-y-la-buena-fe-en-los-negocios,5
2016,Huancavelica,delitos-contra-la-confianza-y-la-buena-fe-en-los-negocios,0
2016,Huanuco,delitos-contra-la-confianza-y-la-buena-fe-en-los-negocios,0
2016,Ica,delitos-contra-la-confianza-y-la-buena-fe-en-los-negocios,1
2016,Junin,delitos-contra-la-confianza-y-la-buena-fe-en-los-negocios,1
2016,La Libertad,delitos-contra-la-confianza-y-la-buena-fe-en-los-negocios,1
2016,Lambayeque,delitos-contra-la-confianza-y-la-buena-fe-en-los-negocios,0
2016,Lima Provincias,delitos-contra-la-confianza-y-la-buena-fe-en-los-negocios,0
2016,Loreto,delitos-contra-la-confianza-y-la-buena-fe-en-los-negocios,0
2016,Madre de Dios,delitos-contra-la-confianza-y-la-buena-fe-en-los-negocios,3
2016,Moquegua,delitos-contra-la-confianza-y-la-buena-fe-en-los-negocios,0
2016,Pasco,delitos-contra-la-confianza-y-la-buena-fe-en-los-negocios,0
2016,Piura,delitos-contra-la-confianza-y-la-buena-fe-en-los-negocios,1
2016,Callao,delitos-contra-la-confianza-y-la-buena-fe-en-los-negocios,6
2016,Lima,delitos-contra-la-confianza-y-la-buena-fe-en-los-negocios,30
2016,Puno,delitos-contra-la-confianza-y-la-buena-fe-en-los-negocios,2
2016,San Martin,delitos-contra-la-confianza-y-la-buena-fe-en-los-negocios,1
2016,Tacna,delitos-contra-la-confianza-y-la-buena-fe-en-los-negocios,0
2016,Tumbes,delitos-contra-la-confianza-y-la-buena-fe-en-los-negocios,0
2016,Ucayali,delitos-contra-la-confianza-y-la-buena-fe-en-los-negocios,0
2017,Amazonas,delitos-contra-la-confianza-y-la-buena-fe-en-los-negocios,0
2017,Ancash,delitos-contra-la-confianza-y-la-buena-fe-en-los-negocios,0
2017,Apurimac,delitos-contra-la-confianza-y-la-buena-fe-en-los-negocios,0
2017,Arequipa,delitos-contra-la-confianza-y-la-buena-fe-en-los-negocios,0
2017,Ayacucho,delitos-contra-la-confianza-y-la-buena-fe-en-los-negocios,0
2017,Cajamarca,delitos-contra-la-confianza-y-la-buena-fe-en-los-negocios,1
2017,Cusco,delitos-contra-la-confianza-y-la-buena-fe-en-los-negocios,0
2017,Huancavelica,delitos-contra-la-confianza-y-la-buena-fe-en-los-negocios,0
2017,Huanuco,delitos-contra-la-confianza-y-la-buena-fe-en-los-negocios,1
2017,Ica,delitos-contra-la-confianza-y-la-buena-fe-en-los-negocios,0
2017,Junin,delitos-contra-la-confianza-y-la-buena-fe-en-los-negocios,0
2017,La Libertad,delitos-contra-la-confianza-y-la-buena-fe-en-los-negocios,0
2017,Lambayeque,delitos-contra-la-confianza-y-la-buena-fe-en-los-negocios,1
2017,Lima Provincias,delitos-contra-la-confianza-y-la-buena-fe-en-los-negocios,0
2017,Loreto,delitos-contra-la-confianza-y-la-buena-fe-en-los-negocios,0
2017,Moquegua,delitos-contra-la-confianza-y-la-buena-fe-en-los-negocios,0
2017,Pasco,delitos-contra-la-confianza-y-la-buena-fe-en-los-negocios,0
2017,Piura,delitos-contra-la-confianza-y-la-buena-fe-en-los-negocios,0
2017,Callao,delitos-contra-la-confianza-y-la-buena-fe-en-los-negocios,0
2017,Lima,delitos-contra-la-confianza-y-la-buena-fe-en-los-negocios,6
2017,Puno,delitos-contra-la-confianza-y-la-buena-fe-en-los-negocios,0
2017,San Martin,delitos-contra-la-confianza-y-la-buena-fe-en-los-negocios,0
2017,Tacna,delitos-contra-la-confianza-y-la-buena-fe-en-los-negocios,0
2017,Tumbes,delitos-contra-la-confianza-y-la-buena-fe-en-los-negocios,1
2017,Ucayali,delitos-contra-la-confianza-y-la-buena-fe-en-los-negocios,0
2015,Amazonas,delitos-contra-la-ecologia,46
2015,Ancash,delitos-contra-la-ecologia,15
2015,Apurimac,delitos-contra-la-ecologia,3
2015,Arequipa,delitos-contra-la-ecologia,34
2015,Ayacucho,delitos-contra-la-ecologia,37
2015,Cajamarca,delitos-contra-la-ecologia,24
2015,Cusco,delitos-contra-la-ecologia,60
2015,Huancavelica,delitos-contra-la-ecologia,7
2015,Huanuco,delitos-contra-la-ecologia,7
2015,Ica,delitos-contra-la-ecologia,0
2015,Junin,delitos-contra-la-ecologia,0
2015,La Libertad,delitos-contra-la-ecologia,13
2015,Lambayeque,delitos-contra-la-ecologia,43
2015,Lima Provincias,delitos-contra-la-ecologia,9
2015,Loreto,delitos-contra-la-ecologia,3
2015,Madre de Dios,delitos-contra-la-ecologia,3
2015,Moquegua,delitos-contra-la-ecologia,2
2015,Pasco,delitos-contra-la-ecologia,11
2015,Piura,delitos-contra-la-ecologia,33
2015,Callao,delitos-contra-la-ecologia,11
2015,Lima,delitos-contra-la-ecologia,10
2015,Puno,delitos-contra-la-ecologia,8
2015,San Martin,delitos-contra-la-ecologia,23
2015,Tacna,delitos-contra-la-ecologia,5
2015,Tumbes,delitos-contra-la-ecologia,0
2015,Ucayali,delitos-contra-la-ecologia,0
2016,Amazonas,delitos-contra-la-ecologia,62
2016,Ancash,delitos-contra-la-ecologia,11
2016,Apurimac,delitos-contra-la-ecologia,5
2016,Arequipa,delitos-contra-la-ecologia,51
2016,Ayacucho,delitos-contra-la-ecologia,15
2016,Cajamarca,delitos-contra-la-ecologia,29
2016,Cusco,delitos-contra-la-ecologia,26
2016,Huancavelica,delitos-contra-la-ecologia,7
2016,Huanuco,delitos-contra-la-ecologia,13
2016,Ica,delitos-contra-la-ecologia,2
2016,Junin,delitos-contra-la-ecologia,11
2016,La Libertad,delitos-contra-la-ecologia,6
2016,Lambayeque,delitos-contra-la-ecologia,49
2016,Lima Provincias,delitos-contra-la-ecologia,12
2016,Loreto,delitos-contra-la-ecologia,3
2016,Madre de Dios,delitos-contra-la-ecologia,3
2016,Moquegua,delitos-contra-la-ecologia,8
2016,Pasco,delitos-contra-la-ecologia,13
2016,Piura,delitos-contra-la-ecologia,42
2016,Callao,delitos-contra-la-ecologia,1
2016,Lima,delitos-contra-la-ecologia,19
2016,Puno,delitos-contra-la-ecologia,13
2016,San Martin,delitos-contra-la-ecologia,16
2016,Tacna,delitos-contra-la-ecologia,1
2016,Tumbes,delitos-contra-la-ecologia,2
2016,Ucayali,delitos-contra-la-ecologia,5
2017,Amazonas,delitos-contra-la-ecologia,2
2017,Ancash,delitos-contra-la-ecologia,2
2017,Apurimac,delitos-contra-la-ecologia,0
2017,Arequipa,delitos-contra-la-ecologia,17
2017,Ayacucho,delitos-contra-la-ecologia,0
2017,Cajamarca,delitos-contra-la-ecologia,11
2017,Cusco,delitos-contra-la-ecologia,2
2017,Huancavelica,delitos-contra-la-ecologia,0
2017,Huanuco,delitos-contra-la-ecologia,0
2017,Ica,delitos-contra-la-ecologia,2
2017,Junin,delitos-contra-la-ecologia,1
2017,La Libertad,delitos-contra-la-ecologia,5
2017,Lambayeque,delitos-contra-la-ecologia,18
2017,Lima Provincias,delitos-contra-la-ecologia,1
2017,Loreto,delitos-contra-la-ecologia,0
2017,Moquegua,delitos-contra-la-ecologia,0
2017,Pasco,delitos-contra-la-ecologia,0
2017,Piura,delitos-contra-la-ecologia,12
2017,Callao,delitos-contra-la-ecologia,0
2017,Lima,delitos-contra-la-ecologia,1
2017,Puno,delitos-contra-la-ecologia,0
2017,San Martin,delitos-contra-la-ecologia,1
2017,Tacna,delitos-contra-la-ecologia,1
2017,Tumbes,delitos-contra-la-ecologia,1
2017,Ucayali,delitos-contra-la-ecologia,1
2015,Amazonas,delitos-contra-la-familia,41
2015,Ancash,delitos-contra-la-familia,130
2015,Apurimac,delitos-contra-la-familia,13
2015,Arequipa,delitos-contra-la-familia,172
2015,Ayacucho,delitos-contra-la-familia,62
2015,Cajamarca,delitos-contra-la-familia,75
2015,Cusco,delitos-contra-la-familia,86
2015,Huancavelica,delitos-contra-la-familia,3
2015,Huanuco,delitos-contra-la-familia,16
2015,Ica,delitos-contra-la-familia,74
2015,Junin,delitos-contra-la-familia,23
2015,La Libertad,delitos-contra-la-familia,126
2015,Lambayeque,delitos-contra-la-familia,199
2015,Lima Provincias,delitos-contra-la-familia,101
2015,Loreto,delitos-contra-la-familia,30
2015,Madre de Dios,delitos-contra-la-familia,2
2015,Moquegua,delitos-contra-la-familia,15
2015,Pasco,delitos-contra-la-familia,13
2015,Piura,delitos-contra-la-familia,95
2015,Callao,delitos-contra-la-familia,68
2015,Lima,delitos-contra-la-familia,430
2015,Puno,delitos-contra-la-familia,5
2015,San Martin,delitos-contra-la-familia,138
2015,Tacna,delitos-contra-la-familia,26
2015,Tumbes,delitos-contra-la-familia,20
2015,Ucayali,delitos-contra-la-familia,50
2016,Amazonas,delitos-contra-la-familia,70
2016,Ancash,delitos-contra-la-familia,77
2016,Apurimac,delitos-contra-la-familia,16
2016,Arequipa,delitos-contra-la-familia,170
2016,Ayacucho,delitos-contra-la-familia,34
2016,Cajamarca,delitos-contra-la-familia,117
2016,Cusco,delitos-contra-la-familia,72
2016,Huancavelica,delitos-contra-la-familia,14
2016,Huanuco,delitos-contra-la-familia,54
2016,Ica,delitos-contra-la-familia,111
2016,Junin,delitos-contra-la-familia,71
2016,La Libertad,delitos-contra-la-familia,153
2016,Lambayeque,delitos-contra-la-familia,245
2016,Lima Provincias,delitos-contra-la-familia,144
2016,Loreto,delitos-contra-la-familia,33
2016,Madre de Dios,delitos-contra-la-familia,12
2016,Moquegua,delitos-contra-la-familia,8
2016,Pasco,delitos-contra-la-familia,19
2016,Piura,delitos-contra-la-familia,142
2016,Callao,delitos-contra-la-familia,88
2016,Lima,delitos-contra-la-familia,460
2016,Puno,delitos-contra-la-familia,29
2016,San Martin,delitos-contra-la-familia,50
2016,Tacna,delitos-contra-la-familia,17
2016,Tumbes,delitos-contra-la-familia,17
2016,Ucayali,delitos-contra-la-familia,95
2017,Amazonas,delitos-contra-la-familia,51
2017,Ancash,delitos-contra-la-familia,42
2017,Apurimac,delitos-contra-la-familia,6
2017,Arequipa,delitos-contra-la-familia,90
2017,Ayacucho,delitos-contra-la-familia,0
2017,Cajamarca,delitos-contra-la-familia,88
2017,Cusco,delitos-contra-la-familia,34
2017,Huancavelica,delitos-contra-la-familia,0
2017,Huanuco,delitos-contra-la-familia,14
2017,Ica,delitos-contra-la-familia,73
2017,Junin,delitos-contra-la-familia,25
2017,La Libertad,delitos-contra-la-familia,97
2017,Lambayeque,delitos-contra-la-familia,135
2017,Lima Provincias,delitos-contra-la-familia,43
2017,Loreto,delitos-contra-la-familia,9
2017,Moquegua,delitos-contra-la-familia,4
2017,Pasco,delitos-contra-la-familia,2
2017,Piura,delitos-contra-la-familia,42
2017,Callao,delitos-contra-la-familia,50
2017,Lima,delitos-contra-la-familia,226
2017,Puno,delitos-contra-la-familia,12
2017,San Martin,delitos-contra-la-familia,0
2017,Tacna,delitos-contra-la-familia,7
2017,Tumbes,delitos-contra-la-familia,19
2017,Ucayali,delitos-contra-la-familia,49
2015,Amazonas,delitos-contra-la-fe-publica,16
2015,Ancash,delitos-contra-la-fe-publica,30
2015,Apurimac,delitos-contra-la-fe-publica,22
2015,Arequipa,delitos-contra-la-fe-publica,86
2015,Ayacucho,delitos-contra-la-fe-publica,89
2015,Cajamarca,delitos-contra-la-fe-publica,34
2015,Cusco,delitos-contra-la-fe-publica,83
2015,Huancavelica,delitos-contra-la-fe-publica,28
2015,Huanuco,delitos-contra-la-fe-publica,29
2015,Ica,delitos-contra-la-fe-publica,23
2015,Junin,delitos-contra-la-fe-publica,80
2015,La Libertad,delitos-contra-la-fe-publica,91
2015,Lambayeque,delitos-contra-la-fe-publica,68
2015,Lima Provincias,delitos-contra-la-fe-publica,45
2015,Loreto,delitos-contra-la-fe-publica,9
2015,Madre de Dios,delitos-contra-la-fe-publica,14
2015,Moquegua,delitos-contra-la-fe-publica,30
2015,Pasco,delitos-contra-la-fe-publica,9
2015,Piura,delitos-contra-la-fe-publica,44
2015,Callao,delitos-contra-la-fe-publica,84
2015,Lima,delitos-contra-la-fe-publica,752
2015,Puno,delitos-contra-la-fe-publica,26
2015,San Martin,delitos-contra-la-fe-publica,30
2015,Tacna,delitos-contra-la-fe-publica,42
2015,Tumbes,delitos-contra-la-fe-publica,8
2015,Ucayali,delitos-contra-la-fe-publica,22
2016,Amazonas,delitos-contra-la-fe-publica,3
2016,Ancash,delitos-contra-la-fe-publica,92
2016,Apurimac,delitos-contra-la-fe-publica,29
2016,Arequipa,delitos-contra-la-fe-publica,90
2016,Ayacucho,delitos-contra-la-fe-publica,19
2016,Cajamarca,delitos-contra-la-fe-publica,24
2016,Cusco,delitos-contra-la-fe-publica,65
2016,Huancavelica,delitos-contra-la-fe-publica,11
2016,Huanuco,delitos-contra-la-fe-publica,21
2016,Ica,delitos-contra-la-fe-publica,24
2016,Junin,delitos-contra-la-fe-publica,67
2016,La Libertad,delitos-contra-la-fe-publica,37
2016,Lambayeque,delitos-contra-la-fe-publica,45
2016,Lima Provincias,delitos-contra-la-fe-publica,32
2016,Loreto,delitos-contra-la-fe-publica,8
2016,Madre de Dios,delitos-contra-la-fe-publica,3
2016,Moquegua,delitos-contra-la-fe-publica,17
2016,Pasco,delitos-contra-la-fe-publica,2
2016,Piura,delitos-contra-la-fe-publica,36
2016,Callao,delitos-contra-la-fe-publica,87
2016,Lima,delitos-contra-la-fe-publica,433
2016,Puno,delitos-contra-la-fe-publica,12
2016,San Martin,delitos-contra-la-fe-publica,11
2016,Tacna,delitos-contra-la-fe-publica,51
2016,Tumbes,delitos-contra-la-fe-publica,11
2016,Ucayali,delitos-contra-la-fe-publica,7
2017,Amazonas,delitos-contra-la-fe-publica,3
2017,Ancash,delitos-contra-la-fe-publica,11
2017,Apurimac,delitos-contra-la-fe-publica,1
2017,Arequipa,delitos-contra-la-fe-publica,49
2017,Ayacucho,delitos-contra-la-fe-publica,0
2017,Cajamarca,delitos-contra-la-fe-publica,15
2017,Cusco,delitos-contra-la-fe-publica,28
2017,Huancavelica,delitos-contra-la-fe-publica,0
2017,Huanuco,delitos-contra-la-fe-publica,2
2017,Ica,delitos-contra-la-fe-publica,10
2017,Junin,delitos-contra-la-fe-publica,16
2017,La Libertad,delitos-contra-la-fe-publica,25
2017,Lambayeque,delitos-contra-la-fe-publica,17
2017,Lima Provincias,delitos-contra-la-fe-publica,8
2017,Loreto,delitos-contra-la-fe-publica,0
2017,Moquegua,delitos-contra-la-fe-publica,4
2017,Pasco,delitos-contra-la-fe-publica,1
2017,Piura,delitos-contra-la-fe-publica,6
2017,Callao,delitos-contra-la-fe-publica,22
2017,Lima,delitos-contra-la-fe-publica,137
2017,Puno,delitos-contra-la-fe-publica,4
2017,San Martin,delitos-contra-la-fe-publica,0
2017,Tacna,delitos-contra-la-fe-publica,13
2017,Tumbes,delitos-contra-la-fe-publica,3
2017,Ucayali,delitos-contra-la-fe-publica,4
2015,Amazonas,delitos-contra-la-humanidad,0
2015,Ancash,delitos-contra-la-humanidad,41
2015,Apurimac,delitos-contra-la-humanidad,0
2015,Arequipa,delitos-contra-la-humanidad,255
2015,Ayacucho,delitos-contra-la-humanidad,0
2015,Cajamarca,delitos-contra-la-humanidad,1
2015,Cusco,delitos-contra-la-humanidad,2
2015,Huancavelica,delitos-contra-la-humanidad,0
2015,Huanuco,delitos-contra-la-humanidad,0
2015,Ica,delitos-contra-la-humanidad,35
2015,Junin,delitos-contra-la-humanidad,27
2015,La Libertad,delitos-contra-la-humanidad,78
2015,Lambayeque,delitos-contra-la-humanidad,143
2015,Lima Provincias,delitos-contra-la-humanidad,16
2015,Loreto,delitos-contra-la-humanidad,1
2015,Madre de Dios,delitos-contra-la-humanidad,0
2015,Moquegua,delitos-contra-la-humanidad,0
2015,Pasco,delitos-contra-la-humanidad,0
2015,Piura,delitos-contra-la-humanidad,34
2015,Callao,delitos-contra-la-humanidad,42
2015,Lima,delitos-contra-la-humanidad,117
2015,Puno,delitos-contra-la-humanidad,1
2015,San Martin,delitos-contra-la-humanidad,0
2015,Tacna,delitos-contra-la-humanidad,0
2015,Tumbes,delitos-contra-la-humanidad,4
2015,Ucayali,delitos-contra-la-humanidad,4
2016,Amazonas,delitos-contra-la-humanidad,11
2016,Ancash,delitos-contra-la-humanidad,62
2016,Apurimac,delitos-contra-la-humanidad,3
2016,Arequipa,delitos-contra-la-humanidad,231
2016,Ayacucho,delitos-contra-la-humanidad,0
2016,Cajamarca,delitos-contra-la-humanidad,3
2016,Cusco,delitos-contra-la-humanidad,11
2016,Huancavelica,delitos-contra-la-humanidad,0
2016,Huanuco,delitos-contra-la-humanidad,3
2016,Ica,delitos-contra-la-humanidad,40
2016,Junin,delitos-contra-la-humanidad,22
2016,La Libertad,delitos-contra-la-humanidad,56
2016,Lambayeque,delitos-contra-la-humanidad,128
2016,Lima Provincias,delitos-contra-la-humanidad,16
2016,Loreto,delitos-contra-la-humanidad,7
2016,Madre de Dios,delitos-contra-la-humanidad,1
2016,Moquegua,delitos-contra-la-humanidad,3
2016,Pasco,delitos-contra-la-humanidad,0
2016,Piura,delitos-contra-la-humanidad,39
2016,Callao,delitos-contra-la-humanidad,23
2016,Lima,delitos-contra-la-humanidad,168
2016,Puno,delitos-contra-la-humanidad,10
2016,San Martin,delitos-contra-la-humanidad,8
2016,Tacna,delitos-contra-la-humanidad,2
2016,Tumbes,delitos-contra-la-humanidad,3
2016,Ucayali,delitos-contra-la-humanidad,12
2017,Amazonas,delitos-contra-la-humanidad,9
2017,Ancash,delitos-contra-la-humanidad,25
2017,Apurimac,delitos-contra-la-humanidad,1
2017,Arequipa,delitos-contra-la-humanidad,63
2017,Ayacucho,delitos-contra-la-humanidad,0
2017,Cajamarca,delitos-contra-la-humanidad,10
2017,Cusco,delitos-contra-la-humanidad,8
2017,Huancavelica,delitos-contra-la-humanidad,0
2017,Huanuco,delitos-contra-la-humanidad,0
2017,Ica,delitos-contra-la-humanidad,22
2017,Junin,delitos-contra-la-humanidad,19
2017,La Libertad,delitos-contra-la-humanidad,18
2017,Lambayeque,delitos-contra-la-humanidad,73
2017,Lima Provincias,delitos-contra-la-humanidad,11
2017,Loreto,delitos-contra-la-humanidad,2
2017,Moquegua,delitos-contra-la-humanidad,0
2017,Pasco,delitos-contra-la-humanidad,1
2017,Piura,delitos-contra-la-humanidad,24
2017,Callao,delitos-contra-la-humanidad,11
2017,Lima,delitos-contra-la-humanidad,158
2017,Puno,delitos-contra-la-humanidad,3
2017,San Martin,delitos-contra-la-humanidad,0
2017,Tacna,delitos-contra-la-humanidad,1
2017,Tumbes,delitos-contra-la-humanidad,2
2017,Ucayali,delitos-contra-la-humanidad,15
2015,Amazonas,delitos-contra-la-libertad,283
2015,Ancash,delitos-contra-la-libertad,654
2015,Apurimac,delitos-contra-la-libertad,143
2015,Arequipa,delitos-contra-la-libertad,1342
2015,Ayacucho,delitos-contra-la-libertad,433
2015,Cajamarca,delitos-contra-la-libertad,439
2015,Cusco,delitos-contra-la-libertad,690
2015,Huancavelica,delitos-contra-la-libertad,172
2015,Huanuco,delitos-contra-la-libertad,251
2015,Ica,delitos-contra-la-libertad,765
2015,Junin,delitos-contra-la-libertad,501
2015,La Libertad,delitos-contra-la-libertad,742
2015,Lambayeque,delitos-contra-la-libertad,1025
2015,Lima Provincias,delitos-contra-la-libertad,650
2015,Loreto,delitos-contra-la-libertad,340
2015,Madre de Dios,delitos-contra-la-libertad,130
2015,Moquegua,delitos-contra-la-libertad,158
2015,Pasco,delitos-contra-la-libertad,123
2015,Piura,delitos-contra-la-libertad,921
2015,Callao,delitos-contra-la-libertad,795
2015,Lima,delitos-contra-la-libertad,6545
2015,Puno,delitos-contra-la-libertad,348
2015,San Martin,delitos-contra-la-libertad,447
2015,Tacna,delitos-contra-la-libertad,272
2015,Tumbes,delitos-contra-la-libertad,203
2015,Ucayali,delitos-contra-la-libertad,358
2016,Amazonas,delitos-contra-la-libertad,297
2016,Ancash,delitos-contra-la-libertad,649
2016,Apurimac,delitos-contra-la-libertad,150
2016,Arequipa,delitos-contra-la-libertad,1404
2016,Ayacucho,delitos-contra-la-libertad,346
2016,Cajamarca,delitos-contra-la-libertad,487
2016,Cusco,delitos-contra-la-libertad,828
2016,Huancavelica,delitos-contra-la-libertad,146
2016,Huanuco,delitos-contra-la-libertad,288
2016,Ica,delitos-contra-la-libertad,885
2016,Junin,delitos-contra-la-libertad,682
2016,La Libertad,delitos-contra-la-libertad,925
2016,Lambayeque,delitos-contra-la-libertad,1476
2016,Lima Provincias,delitos-contra-la-libertad,651
2016,Loreto,delitos-contra-la-libertad,511
2016,Madre de Dios,delitos-contra-la-libertad,147
2016,Moquegua,delitos-contra-la-libertad,147
2016,Pasco,delitos-contra-la-libertad,97
2016,Piura,delitos-contra-la-libertad,893
2016,Callao,delitos-contra-la-libertad,800
2016,Lima,delitos-contra-la-libertad,6953
2016,Puno,delitos-contra-la-libertad,400
2016,San Martin,delitos-contra-la-libertad,420
2016,Tacna,delitos-contra-la-libertad,225
2016,Tumbes,delitos-contra-la-libertad,178
2016,Ucayali,delitos-contra-la-libertad,443
2017,Amazonas,delitos-contra-la-libertad,182
2017,Ancash,delitos-contra-la-libertad,303
2017,Apurimac,delitos-contra-la-libertad,26
2017,Arequipa,delitos-contra-la-libertad,634
2017,Ayacucho,delitos-contra-la-libertad,0
2017,Cajamarca,delitos-contra-la-libertad,196
2017,Cusco,delitos-contra-la-libertad,281
2017,Huancavelica,delitos-contra-la-libertad,0
2017,Huanuco,delitos-contra-la-libertad,40
2017,Ica,delitos-contra-la-libertad,506
2017,Junin,delitos-contra-la-libertad,245
2017,La Libertad,delitos-contra-la-libertad,487
2017,Lambayeque,delitos-contra-la-libertad,662
2017,Lima Provincias,delitos-contra-la-libertad,335
2017,Loreto,delitos-contra-la-libertad,141
2017,Moquegua,delitos-contra-la-libertad,59
2017,Pasco,delitos-contra-la-libertad,29
2017,Piura,delitos-contra-la-libertad,353
2017,Callao,delitos-contra-la-libertad,334
2017,Lima,delitos-contra-la-libertad,3275
2017,Puno,delitos-contra-la-libertad,70
2017,San Martin,delitos-contra-la-libertad,5
2017,Tacna,delitos-contra-la-libertad,90
2017,Tumbes,delitos-contra-la-libertad,79
2017,Ucayali,delitos-contra-la-libertad,142
2015,Amazonas,delitos-contra-la-seguridad-publica,152
2015,Ancash,delitos-contra-la-seguridad-publica,1617
2015,Apurimac,delitos-contra-la-seguridad-publica,194
2015,Arequipa,delitos-contra-la-seguridad-publica,2019
2015,Ayacucho,delitos-contra-la-seguridad-publica,451
2015,Cajamarca,delitos-contra-la-seguridad-publica,1445
2015,Cusco,delitos-contra-la-seguridad-publica,1707
2015,Huancavelica,delitos-contra-la-seguridad-publica,48
2015,Huanuco,delitos-contra-la-seguridad-publica,1100
2015,Ica,delitos-contra-la-seguridad-publica,1001
2015,Junin,delitos-contra-la-seguridad-publica,1978
2015,La Libertad,delitos-contra-la-seguridad-publica,2335
2015,Lambayeque,delitos-contra-la-seguridad-publica,1965
2015,Lima Provincias,delitos-contra-la-seguridad-publica,1390
2015,Loreto,delitos-contra-la-seguridad-publica,235
2015,Madre de Dios,delitos-contra-la-seguridad-publica,502
2015,Moquegua,delitos-contra-la-seguridad-publica,190
2015,Pasco,delitos-contra-la-seguridad-publica,44
2015,Piura,delitos-contra-la-seguridad-publica,960
2015,Callao,delitos-contra-la-seguridad-publica,1247
2015,Lima,delitos-contra-la-seguridad-publica,14920
2015,Puno,delitos-contra-la-seguridad-publica,435
2015,San Martin,delitos-contra-la-seguridad-publica,1041
2015,Tacna,delitos-contra-la-seguridad-publica,721
2015,Tumbes,delitos-contra-la-seguridad-publica,508
2015,Ucayali,delitos-contra-la-seguridad-publica,1945
2016,Amazonas,delitos-contra-la-seguridad-publica,230
2016,Ancash,delitos-contra-la-seguridad-publica,1513
2016,Apurimac,delitos-contra-la-seguridad-publica,438
2016,Arequipa,delitos-contra-la-seguridad-publica,1630
2016,Ayacucho,delitos-contra-la-seguridad-publica,558
2016,Cajamarca,delitos-contra-la-seguridad-publica,1414
2016,Cusco,delitos-contra-la-seguridad-publica,2388
2016,Huancavelica,delitos-contra-la-seguridad-publica,139
2016,Huanuco,delitos-contra-la-seguridad-publica,570
2016,Ica,delitos-contra-la-seguridad-publica,1157
2016,Junin,delitos-contra-la-seguridad-publica,1714
2016,La Libertad,delitos-contra-la-seguridad-publica,2025
2016,Lambayeque,delitos-contra-la-seguridad-publica,2644
2016,Lima Provincias,delitos-contra-la-seguridad-publica,1084
2016,Loreto,delitos-contra-la-seguridad-publica,1924
2016,Madre de Dios,delitos-contra-la-seguridad-publica,378
2016,Moquegua,delitos-contra-la-seguridad-publica,392
2016,Pasco,delitos-contra-la-seguridad-publica,78
2016,Piura,delitos-contra-la-seguridad-publica,954
2016,Callao,delitos-contra-la-seguridad-publica,1706
2016,Lima,delitos-contra-la-seguridad-publica,12169
2016,Puno,delitos-contra-la-seguridad-publica,785
2016,San Martin,delitos-contra-la-seguridad-publica,226
2016,Tacna,delitos-contra-la-seguridad-publica,520
2016,Tumbes,delitos-contra-la-seguridad-publica,555
2016,Ucayali,delitos-contra-la-seguridad-publica,959
2017,Amazonas,delitos-contra-la-seguridad-publica,324
2017,Ancash,delitos-contra-la-seguridad-publica,839
2017,Apurimac,delitos-contra-la-seguridad-publica,110
2017,Arequipa,delitos-contra-la-seguridad-publica,1566
2017,Ayacucho,delitos-contra-la-seguridad-publica,12
2017,Cajamarca,delitos-contra-la-seguridad-publica,839
2017,Cusco,delitos-contra-la-seguridad-publica,1116
2017,Huancavelica,delitos-contra-la-seguridad-publica,0
2017,Huanuco,delitos-contra-la-seguridad-publica,107
2017,Ica,delitos-contra-la-seguridad-publica,660
2017,Junin,delitos-contra-la-seguridad-publica,547
2017,La Libertad,delitos-contra-la-seguridad-publica,1748
2017,Lambayeque,delitos-contra-la-seguridad-publica,1519
2017,Lima Provincias,delitos-contra-la-seguridad-publica,548
2017,Loreto,delitos-contra-la-seguridad-publica,748
2017,Moquegua,delitos-contra-la-seguridad-publica,177
2017,Pasco,delitos-contra-la-seguridad-publica,109
2017,Piura,delitos-contra-la-seguridad-publica,495
2017,Callao,delitos-contra-la-seguridad-publica,529
2017,Lima,delitos-contra-la-seguridad-publica,6367
2017,Puno,delitos-contra-la-seguridad-publica,264
2017,San Martin,delitos-contra-la-seguridad-publica,16
2017,Tacna,delitos-contra-la-seguridad-publica,256
2017,Tumbes,delitos-contra-la-seguridad-publica,288
2017,Ucayali,delitos-contra-la-seguridad-publica,919
2015,Amazonas,delitos-contra-la-tranquilidad-publica,7
2015,Ancash,delitos-contra-la-tranquilidad-publica,3
2015,Apurimac,delitos-contra-la-tranquilidad-publica,3
2015,Arequipa,delitos-contra-la-tranquilidad-publica,30
2015,Ayacucho,delitos-contra-la-tranquilidad-publica,18
2015,Cajamarca,delitos-contra-la-tranquilidad-publica,10
2015,Cusco,delitos-contra-la-tranquilidad-publica,12
2015,Huancavelica,delitos-contra-la-tranquilidad-publica,6
2015,Huanuco,delitos-contra-la-tranquilidad-publica,6
2015,Ica,delitos-contra-la-tranquilidad-publica,1
2015,Junin,delitos-contra-la-tranquilidad-publica,11
2015,La Libertad,delitos-contra-la-tranquilidad-publica,10
2015,Lambayeque,delitos-contra-la-tranquilidad-publica,12
2015,Lima Provincias,delitos-contra-la-tranquilidad-publica,6
2015,Loreto,delitos-contra-la-tranquilidad-publica,3
2015,Madre de Dios,delitos-contra-la-tranquilidad-publica,0
2015,Moquegua,delitos-contra-la-tranquilidad-publica,1
2015,Pasco,delitos-contra-la-tranquilidad-publica,2
2015,Piura,delitos-contra-la-tranquilidad-publica,25
2015,Callao,delitos-contra-la-tranquilidad-publica,16
2015,Lima,delitos-contra-la-tranquilidad-publica,82
2015,Puno,delitos-contra-la-tranquilidad-publica,6
2015,San Martin,delitos-contra-la-tranquilidad-publica,13
2015,Tacna,delitos-contra-la-tranquilidad-publica,1
2015,Tumbes,delitos-contra-la-tranquilidad-publica,0
2015,Ucayali,delitos-contra-la-tranquilidad-publica,4
2016,Amazonas,delitos-contra-la-tranquilidad-publica,1
2016,Ancash,delitos-contra-la-tranquilidad-publica,8
2016,Apurimac,delitos-contra-la-tranquilidad-publica,1
2016,Arequipa,delitos-contra-la-tranquilidad-publica,12
2016,Ayacucho,delitos-contra-la-tranquilidad-publica,4
2016,Cajamarca,delitos-contra-la-tranquilidad-publica,9
2016,Cusco,delitos-contra-la-tranquilidad-publica,14
2016,Huancavelica,delitos-contra-la-tranquilidad-publica,4
2016,Huanuco,delitos-contra-la-tranquilidad-publica,7
2016,Ica,delitos-contra-la-tranquilidad-publica,4
2016,Junin,delitos-contra-la-tranquilidad-publica,2
2016,La Libertad,delitos-contra-la-tranquilidad-publica,9
2016,Lambayeque,delitos-contra-la-tranquilidad-publica,15
2016,Lima Provincias,delitos-contra-la-tranquilidad-publica,5
2016,Loreto,delitos-contra-la-tranquilidad-publica,5
2016,Madre de Dios,delitos-contra-la-tranquilidad-publica,1
2016,Moquegua,delitos-contra-la-tranquilidad-publica,1
2016,Pasco,delitos-contra-la-tranquilidad-publica,3
2016,Piura,delitos-contra-la-tranquilidad-publica,8
2016,Callao,delitos-contra-la-tranquilidad-publica,3
2016,Lima,delitos-contra-la-tranquilidad-publica,88
2016,Puno,delitos-contra-la-tranquilidad-publica,2
2016,San Martin,delitos-contra-la-tranquilidad-publica,7
2016,Tacna,delitos-contra-la-tranquilidad-publica,3
2016,Tumbes,delitos-contra-la-tranquilidad-publica,0
2016,Ucayali,delitos-contra-la-tranquilidad-publica,8
2017,Amazonas,delitos-contra-la-tranquilidad-publica,0
2017,Ancash,delitos-contra-la-tranquilidad-publica,0
2017,Apurimac,delitos-contra-la-tranquilidad-publica,0
2017,Arequipa,delitos-contra-la-tranquilidad-publica,1
2017,Ayacucho,delitos-contra-la-tranquilidad-publica,0
2017,Cajamarca,delitos-contra-la-tranquilidad-publica,0
2017,Cusco,delitos-contra-la-tranquilidad-publica,1
2017,Huancavelica,delitos-contra-la-tranquilidad-publica,0
2017,Huanuco,delitos-contra-la-tranquilidad-publica,0
2017,Ica,delitos-contra-la-tranquilidad-publica,1
2017,Junin,delitos-contra-la-tranquilidad-publica,0
2017,La Libertad,delitos-contra-la-tranquilidad-publica,1
2017,Lambayeque,delitos-contra-la-tranquilidad-publica,2
2017,Lima Provincias,delitos-contra-la-tranquilidad-publica,2
2017,Loreto,delitos-contra-la-tranquilidad-publica,1
2017,Moquegua,delitos-contra-la-tranquilidad-publica,0
2017,Pasco,delitos-contra-la-tranquilidad-publica,0
2017,Piura,delitos-contra-la-tranquilidad-publica,1
2017,Callao,delitos-contra-la-tranquilidad-publica,0
2017,Lima,delitos-contra-la-tranquilidad-publica,11
2017,Puno,delitos-contra-la-tranquilidad-publica,1
2017,San Martin,delitos-contra-la-tranquilidad-publica,0
2017,Tacna,delitos-contra-la-tranquilidad-publica,1
2017,Tumbes,delitos-contra-la-tranquilidad-publica,0
2017,Ucayali,delitos-contra-la-tranquilidad-publica,0
2015,Amazonas,"delitos-contra-la-vida,-el-cuerpo-y-la-salud",367
2015,Ancash,"delitos-contra-la-vida,-el-cuerpo-y-la-salud",1428
2015,Apurimac,"delitos-contra-la-vida,-el-cuerpo-y-la-salud",351
2015,Arequipa,"delitos-contra-la-vida,-el-cuerpo-y-la-salud",2284
2015,Ayacucho,"delitos-contra-la-vida,-el-cuerpo-y-la-salud",1409
2015,Cajamarca,"delitos-contra-la-vida,-el-cuerpo-y-la-salud",1190
2015,Cusco,"delitos-contra-la-vida,-el-cuerpo-y-la-salud",2292
2015,Huancavelica,"delitos-contra-la-vida,-el-cuerpo-y-la-salud",354
2015,Huanuco,"delitos-contra-la-vida,-el-cuerpo-y-la-salud",486
2015,Ica,"delitos-contra-la-vida,-el-cuerpo-y-la-salud",1220
2015,Junin,"delitos-contra-la-vida,-el-cuerpo-y-la-salud",1186
2015,La Libertad,"delitos-contra-la-vida,-el-cuerpo-y-la-salud",2090
2015,Lambayeque,"delitos-contra-la-vida,-el-cuerpo-y-la-salud",1892
2015,Lima Provincias,"delitos-contra-la-vida,-el-cuerpo-y-la-salud",1625
2015,Loreto,"delitos-contra-la-vida,-el-cuerpo-y-la-salud",351
2015,Madre de Dios,"delitos-contra-la-vida,-el-cuerpo-y-la-salud",219
2015,Moquegua,"delitos-contra-la-vida,-el-cuerpo-y-la-salud",299
2015,Pasco,"delitos-contra-la-vida,-el-cuerpo-y-la-salud",315
2015,Piura,"delitos-contra-la-vida,-el-cuerpo-y-la-salud",1842
2015,Callao,"delitos-contra-la-vida,-el-cuerpo-y-la-salud",1506
2015,Lima,"delitos-contra-la-vida,-el-cuerpo-y-la-salud",11590
2015,Puno,"delitos-contra-la-vida,-el-cuerpo-y-la-salud",962
2015,San Martin,"delitos-contra-la-vida,-el-cuerpo-y-la-salud",828
2015,Tacna,"delitos-contra-la-vida,-el-cuerpo-y-la-salud",266
2015,Tumbes,"delitos-contra-la-vida,-el-cuerpo-y-la-salud",300
2015,Ucayali,"delitos-contra-la-vida,-el-cuerpo-y-la-salud",405
2016,Amazonas,"delitos-contra-la-vida,-el-cuerpo-y-la-salud",547
2016,Ancash,"delitos-contra-la-vida,-el-cuerpo-y-la-salud",2035
2016,Apurimac,"delitos-contra-la-vida,-el-cuerpo-y-la-salud",275
2016,Arequipa,"delitos-contra-la-vida,-el-cuerpo-y-la-salud",2699
2016,Ayacucho,"delitos-contra-la-vida,-el-cuerpo-y-la-salud",850
2016,Cajamarca,"delitos-contra-la-vida,-el-cuerpo-y-la-salud",1148
2016,Cusco,"delitos-contra-la-vida,-el-cuerpo-y-la-salud",2640
2016,Huancavelica,"delitos-contra-la-vida,-el-cuerpo-y-la-salud",365
2016,Huanuco,"delitos-contra-la-vida,-el-cuerpo-y-la-salud",871
2016,Ica,"delitos-contra-la-vida,-el-cuerpo-y-la-salud",1565
2016,Junin,"delitos-contra-la-vida,-el-cuerpo-y-la-salud",2284
2016,La Libertad,"delitos-contra-la-vida,-el-cuerpo-y-la-salud",2574
2016,Lambayeque,"delitos-contra-la-vida,-el-cuerpo-y-la-salud",2694
2016,Lima Provincias,"delitos-contra-la-vida,-el-cuerpo-y-la-salud",2115
2016,Loreto,"delitos-contra-la-vida,-el-cuerpo-y-la-salud",469
2016,Madre de Dios,"delitos-contra-la-vida,-el-cuerpo-y-la-salud",367
2016,Moquegua,"delitos-contra-la-vida,-el-cuerpo-y-la-salud",229
2016,Pasco,"delitos-contra-la-vida,-el-cuerpo-y-la-salud",213
2016,Piura,"delitos-contra-la-vida,-el-cuerpo-y-la-salud",2134
2016,Callao,"delitos-contra-la-vida,-el-cuerpo-y-la-salud",1918
2016,Lima,"delitos-contra-la-vida,-el-cuerpo-y-la-salud",12953
2016,Puno,"delitos-contra-la-vida,-el-cuerpo-y-la-salud",1110
2016,San Martin,"delitos-contra-la-vida,-el-cuerpo-y-la-salud",530
2016,Tacna,"delitos-contra-la-vida,-el-cuerpo-y-la-salud",330
2016,Tumbes,"delitos-contra-la-vida,-el-cuerpo-y-la-salud",327
2016,Ucayali,"delitos-contra-la-vida,-el-cuerpo-y-la-salud",1100
2017,Amazonas,"delitos-contra-la-vida,-el-cuerpo-y-la-salud",565
2017,Ancash,"delitos-contra-la-vida,-el-cuerpo-y-la-salud",793
2017,Apurimac,"delitos-contra-la-vida,-el-cuerpo-y-la-salud",80
2017,Arequipa,"delitos-contra-la-vida,-el-cuerpo-y-la-salud",1165
2017,Ayacucho,"delitos-contra-la-vida,-el-cuerpo-y-la-salud",0
2017,Cajamarca,"delitos-contra-la-vida,-el-cuerpo-y-la-salud",645
2017,Cusco,"delitos-contra-la-vida,-el-cuerpo-y-la-salud",770
2017,Huancavelica,"delitos-contra-la-vida,-el-cuerpo-y-la-salud",0
2017,Huanuco,"delitos-contra-la-vida,-el-cuerpo-y-la-salud",222
2017,Ica,"delitos-contra-la-vida,-el-cuerpo-y-la-salud",831
2017,Junin,"delitos-contra-la-vida,-el-cuerpo-y-la-salud",854
2017,La Libertad,"delitos-contra-la-vida,-el-cuerpo-y-la-salud",1621
2017,Lambayeque,"delitos-contra-la-vida,-el-cuerpo-y-la-salud",1494
2017,Lima Provincias,"delitos-contra-la-vida,-el-cuerpo-y-la-salud",915
2017,Loreto,"delitos-contra-la-vida,-el-cuerpo-y-la-salud",124
2017,Moquegua,"delitos-contra-la-vida,-el-cuerpo-y-la-salud",81
2017,Pasco,"delitos-contra-la-vida,-el-cuerpo-y-la-salud",18
2017,Piura,"delitos-contra-la-vida,-el-cuerpo-y-la-salud",982
2017,Callao,"delitos-contra-la-vida,-el-cuerpo-y-la-salud",936
2017,Lima,"delitos-contra-la-vida,-el-cuerpo-y-la-salud",7091
2017,Puno,"delitos-contra-la-vida,-el-cuerpo-y-la-salud",226
2017,San Martin,"delitos-contra-la-vida,-el-cuerpo-y-la-salud",7
2017,Tacna,"delitos-contra-la-vida,-el-cuerpo-y-la-salud",132
2017,Tumbes,"delitos-contra-la-vida,-el-cuerpo-y-la-salud",246
2017,Ucayali,"delitos-contra-la-vida,-el-cuerpo-y-la-salud",318
2015,Amazonas,delitos-contra-la-voluntad-popular,0
2015,Ancash,delitos-contra-la-voluntad-popular,2
2015,Apurimac,delitos-contra-la-voluntad-popular,0
2015,Arequipa,delitos-contra-la-voluntad-popular,0
2015,Ayacucho,delitos-contra-la-voluntad-popular,1
2015,Cajamarca,delitos-contra-la-voluntad-popular,0
2015,Cusco,delitos-contra-la-voluntad-popular,0
2015,Huancavelica,delitos-contra-la-voluntad-popular,0
2015,Huanuco,delitos-contra-la-voluntad-popular,0
2015,Ica,delitos-contra-la-voluntad-popular,0
2015,Junin,delitos-contra-la-voluntad-popular,1
2015,La Libertad,delitos-contra-la-voluntad-popular,0
2015,Lambayeque,delitos-contra-la-voluntad-popular,1
2015,Lima Provincias,delitos-contra-la-voluntad-popular,2
2015,Loreto,delitos-contra-la-voluntad-popular,0
2015,Madre de Dios,delitos-contra-la-voluntad-popular,0
2015,Moquegua,delitos-contra-la-voluntad-popular,0
2015,Pasco,delitos-contra-la-voluntad-popular,0
2015,Piura,delitos-contra-la-voluntad-popular,1
2015,Callao,delitos-contra-la-voluntad-popular,2
2015,Lima,delitos-contra-la-voluntad-popular,0
2015,Puno,delitos-contra-la-voluntad-popular,1
2015,San Martin,delitos-contra-la-voluntad-popular,0
2015,Tacna,delitos-contra-la-voluntad-popular,1
2015,Tumbes,delitos-contra-la-voluntad-popular,0
2015,Ucayali,delitos-contra-la-voluntad-popular,0
2016,Amazonas,delitos-contra-la-voluntad-popular,2
2016,Ancash,delitos-contra-la-voluntad-popular,0
2016,Apurimac,delitos-contra-la-voluntad-popular,0
2016,Arequipa,delitos-contra-la-voluntad-popular,2
2016,Ayacucho,delitos-contra-la-voluntad-popular,1
2016,Cajamarca,delitos-contra-la-voluntad-popular,2
2016,Cusco,delitos-contra-la-voluntad-popular,7
2016,Huancavelica,delitos-contra-la-voluntad-popular,1
2016,Huanuco,delitos-contra-la-voluntad-popular,4
2016,Ica,delitos-contra-la-voluntad-popular,0
2016,Junin,delitos-contra-la-voluntad-popular,0
2016,La Libertad,delitos-contra-la-voluntad-popular,4
2016,Lambayeque,delitos-contra-la-voluntad-popular,1
2016,Lima Provincias,delitos-contra-la-voluntad-popular,1
2016,Loreto,delitos-contra-la-voluntad-popular,0
2016,Madre de Dios,delitos-contra-la-voluntad-popular,0
2016,Moquegua,delitos-contra-la-voluntad-popular,1
2016,Pasco,delitos-contra-la-voluntad-popular,0
2016,Piura,delitos-contra-la-voluntad-popular,2
2016,Callao,delitos-contra-la-voluntad-popular,2
2016,Lima,delitos-contra-la-voluntad-popular,4
2016,Puno,delitos-contra-la-voluntad-popular,1
2016,San Martin,delitos-contra-la-voluntad-popular,0
2016,Tacna,delitos-contra-la-voluntad-popular,1
2016,Tumbes,delitos-contra-la-voluntad-popular,0
2016,Ucayali,delitos-contra-la-voluntad-popular,0
2017,Amazonas,delitos-contra-la-voluntad-popular,0
2017,Ancash,delitos-contra-la-voluntad-popular,0
2017,Apurimac,delitos-contra-la-voluntad-popular,0
2017,Arequipa,delitos-contra-la-voluntad-popular,0
2017,Ayacucho,delitos-contra-la-voluntad-popular,0
2017,Cajamarca,delitos-contra-la-voluntad-popular,0
2017,Cusco,delitos-contra-la-voluntad-popular,0
2017,Huancavelica,delitos-contra-la-voluntad-popular,0
2017,Huanuco,delitos-contra-la-voluntad-popular,0
2017,Ica,delitos-contra-la-voluntad-popular,0
2017,Junin,delitos-contra-la-voluntad-popular,0
2017,La Libertad,delitos-contra-la-voluntad-popular,0
2017,Lambayeque,delitos-contra-la-voluntad-popular,0
2017,Lima Provincias,delitos-contra-la-voluntad-popular,0
2017,Loreto,delitos-contra-la-voluntad-popular,0
2017,Moquegua,delitos-contra-la-voluntad-popular,0
2017,Pasco,delitos-contra-la-voluntad-popular,0
2017,Piura,delitos-contra-la-voluntad-popular,0
2017,Callao,delitos-contra-la-voluntad-popular,0
2017,Lima,delitos-contra-la-voluntad-popular,0
2017,Puno,delitos-contra-la-voluntad-popular,0
2017,San Martin,delitos-contra-la-voluntad-popular,0
2017,Tacna,delitos-contra-la-voluntad-popular,0
2017,Tumbes,delitos-contra-la-voluntad-popular,0
2017,Ucayali,delitos-contra-la-voluntad-popular,0
2015,Amazonas,delitos-contra-los-derechos-intelectuales,2
2015,Ancash,delitos-contra-los-derechos-intelectuales,0
2015,Apurimac,delitos-contra-los-derechos-intelectuales,1
2015,Arequipa,delitos-contra-los-derechos-intelectuales,3
2015,Ayacucho,delitos-contra-los-derechos-intelectuales,4
2015,Cajamarca,delitos-contra-los-derechos-intelectuales,1
2015,Cusco,delitos-contra-los-derechos-intelectuales,3
2015,Huancavelica,delitos-contra-los-derechos-intelectuales,2
2015,Huanuco,delitos-contra-los-derechos-intelectuales,0
2015,Ica,delitos-contra-los-derechos-intelectuales,1
2015,Junin,delitos-contra-los-derechos-intelectuales,12
2015,La Libertad,delitos-contra-los-derechos-intelectuales,3
2015,Lambayeque,delitos-contra-los-derechos-intelectuales,8
2015,Lima Provincias,delitos-contra-los-derechos-intelectuales,1
2015,Loreto,delitos-contra-los-derechos-intelectuales,2
2015,Madre de Dios,delitos-contra-los-derechos-intelectuales,0
2015,Moquegua,delitos-contra-los-derechos-intelectuales,0
2015,Pasco,delitos-contra-los-derechos-intelectuales,0
2015,Piura,delitos-contra-los-derechos-intelectuales,10
2015,Callao,delitos-contra-los-derechos-intelectuales,1
2015,Lima,delitos-contra-los-derechos-intelectuales,35
2015,Puno,delitos-contra-los-derechos-intelectuales,5
2015,San Martin,delitos-contra-los-derechos-intelectuales,1
2015,Tacna,delitos-contra-los-derechos-intelectuales,1
2015,Tumbes,delitos-contra-los-derechos-intelectuales,0
2015,Ucayali,delitos-contra-los-derechos-intelectuales,2
2016,Amazonas,delitos-contra-los-derechos-intelectuales,0
2016,Ancash,delitos-contra-los-derechos-intelectuales,3
2016,Apurimac,delitos-contra-los-derechos-intelectuales,0
2016,Arequipa,delitos-contra-los-derechos-intelectuales,3
2016,Ayacucho,delitos-contra-los-derechos-intelectuales,0
2016,Cajamarca,delitos-contra-los-derechos-intelectuales,3
2016,Cusco,delitos-contra-los-derechos-intelectuales,1
2016,Huancavelica,delitos-contra-los-derechos-intelectuales,0
2016,Huanuco,delitos-contra-los-derechos-intelectuales,0
2016,Ica,delitos-contra-los-derechos-intelectuales,1
2016,Junin,delitos-contra-los-derechos-intelectuales,17
2016,La Libertad,delitos-contra-los-derechos-intelectuales,2
2016,Lambayeque,delitos-contra-los-derechos-intelectuales,8
2016,Lima Provincias,delitos-contra-los-derechos-intelectuales,1
2016,Loreto,delitos-contra-los-derechos-intelectuales,1
2016,Madre de Dios,delitos-contra-los-derechos-intelectuales,0
2016,Moquegua,delitos-contra-los-derechos-intelectuales,0
2016,Pasco,delitos-contra-los-derechos-intelectuales,1
2016,Piura,delitos-contra-los-derechos-intelectuales,0
2016,Callao,delitos-contra-los-derechos-intelectuales,0
2016,Lima,delitos-contra-los-derechos-intelectuales,34
2016,Puno,delitos-contra-los-derechos-intelectuales,4
2016,San Martin,delitos-contra-los-derechos-intelectuales,0
2016,Tacna,delitos-contra-los-derechos-intelectuales,10
2016,Tumbes,delitos-contra-los-derechos-intelectuales,0
2016,Ucayali,delitos-contra-los-derechos-intelectuales,4
2017,Amazonas,delitos-contra-los-derechos-intelectuales,0
2017,Ancash,delitos-contra-los-derechos-intelectuales,0
2017,Apurimac,delitos-contra-los-derechos-intelectuales,0
2017,Arequipa,delitos-contra-los-derechos-intelectuales,4
2017,Ayacucho,delitos-contra-los-derechos-intelectuales,0
2017,Cajamarca,delitos-contra-los-derechos-intelectuales,22
2017,Cusco,delitos-contra-los-derechos-intelectuales,2
2017,Huancavelica,delitos-contra-los-derechos-intelectuales,0
2017,Huanuco,delitos-contra-los-derechos-intelectuales,0
2017,Ica,delitos-contra-los-derechos-intelectuales,0
2017,Junin,delitos-contra-los-derechos-intelectuales,1
2017,La Libertad,delitos-contra-los-derechos-intelectuales,1
2017,Lambayeque,delitos-contra-los-derechos-intelectuales,0
2017,Lima Provincias,delitos-contra-los-derechos-intelectuales,1
2017,Loreto,delitos-contra-los-derechos-intelectuales,0
2017,Moquegua,delitos-contra-los-derechos-intelectuales,0
2017,Pasco,delitos-contra-los-derechos-intelectuales,0
2017,Piura,delitos-contra-los-derechos-intelectuales,2
2017,Callao,delitos-contra-los-derechos-intelectuales,0
2017,Lima,delitos-contra-los-derechos-intelectuales,24
2017,Puno,delitos-contra-los-derechos-intelectuales,0
2017,San Martin,delitos-contra-los-derechos-intelectuales,0
2017,Tacna,delitos-contra-los-derechos-intelectuales,0
2017,Tumbes,delitos-contra-los-derechos-intelectuales,0
2017,Ucayali,delitos-contra-los-derechos-intelectuales,0
2015,Amazonas,delitos-contra-los-poderes-del-estado-y-el-orden-constitucional,0
2015,Ancash,delitos-contra-los-poderes-del-estado-y-el-orden-constitucional,1
2015,Apurimac,delitos-contra-los-poderes-del-estado-y-el-orden-constitucional,0
2015,Arequipa,delitos-contra-los-poderes-del-estado-y-el-orden-constitucional,0
2015,Ayacucho,delitos-contra-los-poderes-del-estado-y-el-orden-constitucional,0
2015,Cajamarca,delitos-contra-los-poderes-del-estado-y-el-orden-constitucional,0
2015,Cusco,delitos-contra-los-poderes-del-estado-y-el-orden-constitucional,0
2015,Huancavelica,delitos-contra-los-poderes-del-estado-y-el-orden-constitucional,0
2015,Huanuco,delitos-contra-los-poderes-del-estado-y-el-orden-constitucional,0
2015,Ica,delitos-contra-los-poderes-del-estado-y-el-orden-constitucional,2
2015,Junin,delitos-contra-los-poderes-del-estado-y-el-orden-constitucional,0
2015,La Libertad,delitos-contra-los-poderes-del-estado-y-el-orden-constitucional,0
2015,Lambayeque,delitos-contra-los-poderes-del-estado-y-el-orden-constitucional,0
2015,Lima Provincias,delitos-contra-los-poderes-del-estado-y-el-orden-constitucional,0
2015,Loreto,delitos-contra-los-poderes-del-estado-y-el-orden-constitucional,0
2015,Madre de Dios,delitos-contra-los-poderes-del-estado-y-el-orden-constitucional,0
2015,Moquegua,delitos-contra-los-poderes-del-estado-y-el-orden-constitucional,0
2015,Pasco,delitos-contra-los-poderes-del-estado-y-el-orden-constitucional,0
2015,Piura,delitos-contra-los-poderes-del-estado-y-el-orden-constitucional,1
2015,Callao,delitos-contra-los-poderes-del-estado-y-el-orden-constitucional,0
2015,Lima,delitos-contra-los-poderes-del-estado-y-el-orden-constitucional,1
2015,Puno,delitos-contra-los-poderes-del-estado-y-el-orden-constitucional,0
2015,San Martin,delitos-contra-los-poderes-del-estado-y-el-orden-constitucional,4
2015,Tacna,delitos-contra-los-poderes-del-estado-y-el-orden-constitucional,1
2015,Tumbes,delitos-contra-los-poderes-del-estado-y-el-orden-constitucional,0
2015,Ucayali,delitos-contra-los-poderes-del-estado-y-el-orden-constitucional,0
2016,Amazonas,delitos-contra-los-poderes-del-estado-y-el-orden-constitucional,0
2016,Ancash,delitos-contra-los-poderes-del-estado-y-el-orden-constitucional,1
2016,Apurimac,delitos-contra-los-poderes-del-estado-y-el-orden-constitucional,2
2016,Arequipa,delitos-contra-los-poderes-del-estado-y-el-orden-constitucional,1
2016,Ayacucho,delitos-contra-los-poderes-del-estado-y-el-orden-constitucional,1
2016,Cajamarca,delitos-contra-los-poderes-del-estado-y-el-orden-constitucional,1
2016,Cusco,delitos-contra-los-poderes-del-estado-y-el-orden-constitucional,1
2016,Huancavelica,delitos-contra-los-poderes-del-estado-y-el-orden-constitucional,1
2016,Huanuco,delitos-contra-los-poderes-del-estado-y-el-orden-constitucional,0
2016,Ica,delitos-contra-los-poderes-del-estado-y-el-orden-constitucional,0
2016,Junin,delitos-contra-los-poderes-del-estado-y-el-orden-constitucional,1
2016,La Libertad,delitos-contra-los-poderes-del-estado-y-el-orden-constitucional,1
2016,Lambayeque,delitos-contra-los-poderes-del-estado-y-el-orden-constitucional,1
2016,Lima Provincias,delitos-contra-los-poderes-del-estado-y-el-orden-constitucional,0
2016,Loreto,delitos-contra-los-poderes-del-estado-y-el-orden-constitucional,0
2016,Madre de Dios,delitos-contra-los-poderes-del-estado-y-el-orden-constitucional,0
2016,Moquegua,delitos-contra-los-poderes-del-estado-y-el-orden-constitucional,0
2016,Pasco,delitos-contra-los-poderes-del-estado-y-el-orden-constitucional,0
2016,Piura,delitos-contra-los-poderes-del-estado-y-el-orden-constitucional,1
2016,Callao,delitos-contra-los-poderes-del-estado-y-el-orden-constitucional,0
2016,Lima,delitos-contra-los-poderes-del-estado-y-el-orden-constitucional,1
2016,Puno,delitos-contra-los-poderes-del-estado-y-el-orden-constitucional,1
2016,San Martin,delitos-contra-los-poderes-del-estado-y-el-orden-constitucional,0
2016,Tacna,delitos-contra-los-poderes-del-estado-y-el-orden-constitucional,0
2016,Tumbes,delitos-contra-los-poderes-del-estado-y-el-orden-constitucional,0
2016,Ucayali,delitos-contra-los-poderes-del-estado-y-el-orden-constitucional,0
2017,Amazonas,delitos-contra-los-poderes-del-estado-y-el-orden-constitucional,0
2017,Ancash,delitos-contra-los-poderes-del-estado-y-el-orden-constitucional,0
2017,Apurimac,delitos-contra-los-poderes-del-estado-y-el-orden-constitucional,0
2017,Arequipa,delitos-contra-los-poderes-del-estado-y-el-orden-constitucional,1
2017,Ayacucho,delitos-contra-los-poderes-del-estado-y-el-orden-constitucional,0
2017,Cajamarca,delitos-contra-los-poderes-del-estado-y-el-orden-constitucional,0
2017,Cusco,delitos-contra-los-poderes-del-estado-y-el-orden-constitucional,1
2017,Huancavelica,delitos-contra-los-poderes-del-estado-y-el-orden-constitucional,0
2017,Huanuco,delitos-contra-los-poderes-del-estado-y-el-orden-constitucional,0
2017,Ica,delitos-contra-los-poderes-del-estado-y-el-orden-constitucional,0
2017,Junin,delitos-contra-los-poderes-del-estado-y-el-orden-constitucional,0
2017,La Libertad,delitos-contra-los-poderes-del-estado-y-el-orden-constitucional,0
2017,Lambayeque,delitos-contra-los-poderes-del-estado-y-el-orden-constitucional,0
2017,Lima Provincias,delitos-contra-los-poderes-del-estado-y-el-orden-constitucional,0
2017,Loreto,delitos-contra-los-poderes-del-estado-y-el-orden-constitucional,0
2017,Moquegua,delitos-contra-los-poderes-del-estado-y-el-orden-constitucional,0
2017,Pasco,delitos-contra-los-poderes-del-estado-y-el-orden-constitucional,0
2017,Piura,delitos-contra-los-poderes-del-estado-y-el-orden-constitucional,0
2017,Callao,delitos-contra-los-poderes-del-estado-y-el-orden-constitucional,0
2017,Lima,delitos-contra-los-poderes-del-estado-y-el-orden-constitucional,0
2017,Puno,delitos-contra-los-poderes-del-estado-y-el-orden-constitucional,0
2017,San Martin,delitos-contra-los-poderes-del-estado-y-el-orden-constitucional,0
2017,Tacna,delitos-contra-los-poderes-del-estado-y-el-orden-constitucional,0
2017,Tumbes,delitos-contra-los-poderes-del-estado-y-el-orden-constitucional,0
2017,Ucayali,delitos-contra-los-poderes-del-estado-y-el-orden-constitucional,0
2015,Amazonas,delitos-tributarios,1
2015,Ancash,delitos-tributarios,1
2015,Apurimac,delitos-tributarios,1
2015,Arequipa,delitos-tributarios,7
2015,Ayacucho,delitos-tributarios,20
2015,Cajamarca,delitos-tributarios,2
2015,Cusco,delitos-tributarios,6
2015,Huancavelica,delitos-tributarios,2
2015,Huanuco,delitos-tributarios,3
2015,Ica,delitos-tributarios,3
2015,Junin,delitos-tributarios,3
2015,La Libertad,delitos-tributarios,2
2015,Lambayeque,delitos-tributarios,1
2015,Lima Provincias,delitos-tributarios,2
2015,Loreto,delitos-tributarios,1
2015,Madre de Dios,delitos-tributarios,6
2015,Moquegua,delitos-tributarios,0
2015,Pasco,delitos-tributarios,0
2015,Piura,delitos-tributarios,30
2015,Callao,delitos-tributarios,0
2015,Lima,delitos-tributarios,1
2015,Puno,delitos-tributarios,6
2015,San Martin,delitos-tributarios,3
2015,Tacna,delitos-tributarios,1
2015,Tumbes,delitos-tributarios,4
2015,Ucayali,delitos-tributarios,3
2016,Amazonas,delitos-tributarios,7
2016,Ancash,delitos-tributarios,1
2016,Apurimac,delitos-tributarios,3
2016,Arequipa,delitos-tributarios,0
2016,Ayacucho,delitos-tributarios,1
2016,Cajamarca,delitos-tributarios,1
2016,Cusco,delitos-tributarios,6
2016,Huancavelica,delitos-tributarios,1
2016,Huanuco,delitos-tributarios,0
2016,Ica,delitos-tributarios,1
2016,Junin,delitos-tributarios,75
2016,La Libertad,delitos-tributarios,2
2016,Lambayeque,delitos-tributarios,2
2016,Lima Provincias,delitos-tributarios,2
2016,Loreto,delitos-tributarios,0
2016,Madre de Dios,delitos-tributarios,7
2016,Moquegua,delitos-tributarios,7
2016,Pasco,delitos-tributarios,0
2016,Piura,delitos-tributarios,14
2016,Callao,delitos-tributarios,0
2016,Lima,delitos-tributarios,17
2016,Puno,delitos-tributarios,6
2016,San Martin,delitos-tributarios,3
2016,Tacna,delitos-tributarios,21
2016,Tumbes,delitos-tributarios,4
2016,Ucayali,delitos-tributarios,0
2017,Amazonas,delitos-tributarios,0
2017,Ancash,delitos-tributarios,2
2017,Apurimac,delitos-tributarios,0
2017,Arequipa,delitos-tributarios,0
2017,Ayacucho,delitos-tributarios,0
2017,Cajamarca,delitos-tributarios,2
2017,Cusco,delitos-tributarios,0
2017,Huancavelica,delitos-tributarios,0
2017,Huanuco,delitos-tributarios,0
2017,Ica,delitos-tributarios,0
2017,Junin,delitos-tributarios,2
2017,La Libertad,delitos-tributarios,0
2017,Lambayeque,delitos-tributarios,0
2017,Lima Provincias,delitos-tributarios,0
2017,Loreto,delitos-tributarios,0
2017,Moquegua,delitos-tributarios,0
2017,Pasco,delitos-tributarios,0
2017,Piura,delitos-tributarios,0
2017,Callao,delitos-tributarios,0
2017,Lima,delitos-tributarios,2
2017,Puno,delitos-tributarios,0
2017,San Martin,delitos-tributarios,0
2017,Tacna,delitos-tributarios,0
2017,Tumbes,delitos-tributarios,1
2017,Ucayali,delitos-tributarios,0
